ID_robustez,Categoria_real,Categoria_original_guardada,Transformacion,Texto_original,Texto_transformado,Categoria_predicha,Segunda_categoria,Puntuacion_ganadora,Puntuacion_segunda,Margen_decision,Terminos_activos,Longitud_caracteres,Longitud_palabras,Categoria_predicha_base,Margen_base,Terminos_base,Prediccion_estable,Prediccion_correcta,Cambio_margen,Cambio_terminos
294,backend,backend,Original,i broke my spa fallback by renaming a fastapi parameter to satisfy a linter i broke my spa fallback by renaming a fastapi parameter to satisfy a linter the dashboard spa fallback was returning 422 on every route that was not an api route. fastapi kept. spa api spa api,i broke my spa fallback by renaming a fastapi parameter to satisfy a linter i broke my spa fallback by renaming a fastapi parameter to satisfy a linter the dashboard spa fallback was returning 422 on every route that was not an api route. fastapi kept. spa api spa api,backend,frontend,0.8414645934963846,-0.526245906600312,1.3677105000966967,31,268,50,backend,1.3677105000966967,31,True,True,0.0,0
294,backend,backend,Minúsculas,i broke my spa fallback by renaming a fastapi parameter to satisfy a linter i broke my spa fallback by renaming a fastapi parameter to satisfy a linter the dashboard spa fallback was returning 422 on every route that was not an api route. fastapi kept. spa api spa api,i broke my spa fallback by renaming a fastapi parameter to satisfy a linter i broke my spa fallback by renaming a fastapi parameter to satisfy a linter the dashboard spa fallback was returning 422 on every route that was not an api route. fastapi kept. spa api spa api,backend,frontend,0.8414645934963846,-0.526245906600312,1.3677105000966967,31,268,50,backend,1.3677105000966967,31,True,True,0.0,0
294,backend,backend,Mayúsculas,i broke my spa fallback by renaming a fastapi parameter to satisfy a linter i broke my spa fallback by renaming a fastapi parameter to satisfy a linter the dashboard spa fallback was returning 422 on every route that was not an api route. fastapi kept. spa api spa api,I BROKE MY SPA FALLBACK BY RENAMING A FASTAPI PARAMETER TO SATISFY A LINTER I BROKE MY SPA FALLBACK BY RENAMING A FASTAPI PARAMETER TO SATISFY A LINTER THE DASHBOARD SPA FALLBACK WAS RETURNING 422 ON EVERY ROUTE THAT WAS NOT AN API ROUTE. FASTAPI KEPT. SPA API SPA API,backend,frontend,-0.49800431128284617,-0.6012351134432145,0.10323080216036828,1,268,50,backend,1.3677105000966967,31,True,True,-1.2644796979363284,-30
294,backend,backend,Sin puntuación,i broke my spa fallback by renaming a fastapi parameter to satisfy a linter i broke my spa fallback by renaming a fastapi parameter to satisfy a linter the dashboard spa fallback was returning 422 on every route that was not an api route. fastapi kept. spa api spa api,i broke my spa fallback by renaming a fastapi parameter to satisfy a linter i broke my spa fallback by renaming a fastapi parameter to satisfy a linter the dashboard spa fallback was returning 422 on every route that was not an api route fastapi kept spa api spa api,backend,frontend,0.8414645934963846,-0.526245906600312,1.3677105000966967,31,266,50,backend,1.3677105000966967,31,True,True,0.0,0
294,backend,backend,Espacios irregulares,i broke my spa fallback by renaming a fastapi parameter to satisfy a linter i broke my spa fallback by renaming a fastapi parameter to satisfy a linter the dashboard spa fallback was returning 422 on every route that was not an api route. fastapi kept. spa api spa api,i   broke   my   spa   fallback   by   renaming   a   fastapi   parameter   to   satisfy   a   linter   i   broke   my   spa   fallback   by   renaming   a   fastapi   parameter   to   satisfy   a   linter   the   dashboard   spa   fallback   was   returning   422   on   every   route   that   was   not   an   api   route.   fastapi   kept.   spa   api   spa   api,backend,frontend,0.8414645934963846,-0.526245906600312,1.3677105000966967,31,366,50,backend,1.3677105000966967,31,True,True,0.0,0
294,backend,backend,Errores tipográficos,i broke my spa fallback by renaming a fastapi parameter to satisfy a linter i broke my spa fallback by renaming a fastapi parameter to satisfy a linter the dashboard spa fallback was returning 422 on every route that was not an api route. fastapi kept. spa api spa api,i broke my spa fallback by reanming a fastapi paarmeter to satisfy a litner i broke my spa fallback by reanming a fastapi paarmeter to satisfy a litner the dashboard spa fallback was returning 422 on every route that was not an api rotue. fastapi kept. spa api spa api,backend,frontend,0.9438039049716237,-0.5107935958654033,1.454597500837027,30,268,50,backend,1.3677105000966967,31,True,True,0.0868870007403304,-1
294,backend,backend,Texto truncado,i broke my spa fallback by renaming a fastapi parameter to satisfy a linter i broke my spa fallback by renaming a fastapi parameter to satisfy a linter the dashboard spa fallback was returning 422 on every route that was not an api route. fastapi kept. spa api spa api,i broke my spa fallback by renaming a fastapi parameter to satisfy a linter i broke my spa fallback by renaming a fastapi parameter to,backend,frontend,0.5498809054898358,-0.3764552258592151,0.9263361313490509,12,134,25,backend,1.3677105000966967,31,True,True,-0.4413743687476458,-19
294,backend,backend,Ruido web,i broke my spa fallback by renaming a fastapi parameter to satisfy a linter i broke my spa fallback by renaming a fastapi parameter to satisfy a linter the dashboard spa fallback was returning 422 on every route that was not an api route. fastapi kept. spa api spa api,i broke my spa fallback by renaming a fastapi parameter to satisfy a linter i broke my spa fallback by renaming a fastapi parameter to satisfy a linter the dashboard spa fallback was returning 422 on every route that was not an api route. fastapi kept. spa api spa api https://example.com #tech 🚀,backend,frontend,1.0158704937073741,-0.548655928450868,1.564526422158242,33,296,53,backend,1.3677105000966967,31,True,True,0.1968159220615453,2
497,backend,backend,Original,your microservices aren t microservices your microservices aren t microservices you split your monolith into 12 services. you re doing microservices now. except every service calls.,your microservices aren t microservices your microservices aren t microservices you split your monolith into 12 services. you re doing microservices now. except every service calls.,backend,datascience,1.1197863530518553,-0.8488822346158459,1.9686685876677013,18,181,26,backend,1.9686685876677013,18,True,True,0.0,0
497,backend,backend,Minúsculas,your microservices aren t microservices your microservices aren t microservices you split your monolith into 12 services. you re doing microservices now. except every service calls.,your microservices aren t microservices your microservices aren t microservices you split your monolith into 12 services. you re doing microservices now. except every service calls.,backend,datascience,1.1197863530518553,-0.8488822346158459,1.9686685876677013,18,181,26,backend,1.9686685876677013,18,True,True,0.0,0
497,backend,backend,Mayúsculas,your microservices aren t microservices your microservices aren t microservices you split your monolith into 12 services. you re doing microservices now. except every service calls.,YOUR MICROSERVICES AREN T MICROSERVICES YOUR MICROSERVICES AREN T MICROSERVICES YOU SPLIT YOUR MONOLITH INTO 12 SERVICES. YOU RE DOING MICROSERVICES NOW. EXCEPT EVERY SERVICE CALLS.,frontend,datascience,-0.40687843742609403,-0.595058099099796,0.18817966167370198,1,181,26,backend,1.9686685876677013,18,False,False,-1.7804889259939993,-17
497,backend,backend,Sin puntuación,your microservices aren t microservices your microservices aren t microservices you split your monolith into 12 services. you re doing microservices now. except every service calls.,your microservices aren t microservices your microservices aren t microservices you split your monolith into 12 services you re doing microservices now except every service calls,backend,datascience,1.1197863530518553,-0.8488822346158459,1.9686685876677013,18,178,26,backend,1.9686685876677013,18,True,True,0.0,0
497,backend,backend,Espacios irregulares,your microservices aren t microservices your microservices aren t microservices you split your monolith into 12 services. you re doing microservices now. except every service calls.,your   microservices   aren   t   microservices   your   microservices   aren   t   microservices   you   split   your   monolith   into   12   services.   you   re   doing   microservices   now.   except   every   service   calls.,backend,datascience,1.1197863530518553,-0.8488822346158459,1.9686685876677013,18,231,26,backend,1.9686685876677013,18,True,True,0.0,0
497,backend,backend,Errores tipográficos,your microservices aren t microservices your microservices aren t microservices you split your monolith into 12 services. you re doing microservices now. except every service calls.,your microservices aren t mircoservices your microservices aren t mircoservices you split your monolith into 12 sevrices. you re doing microservices now. execpt every service calls.,backend,datascience,1.025257586593685,-0.7156288342303265,1.7408864208240116,17,181,26,backend,1.9686685876677013,18,True,True,-0.22778216684368968,-1
497,backend,backend,Texto truncado,your microservices aren t microservices your microservices aren t microservices you split your monolith into 12 services. you re doing microservices now. except every service calls.,your microservices aren t microservices your microservices aren t microservices you split your,backend,datascience,0.42596052767677184,-0.7851216958286201,1.211082223505392,7,94,13,backend,1.9686685876677013,18,True,True,-0.7575863641623093,-11
497,backend,backend,Ruido web,your microservices aren t microservices your microservices aren t microservices you split your monolith into 12 services. you re doing microservices now. except every service calls.,your microservices aren t microservices your microservices aren t microservices you split your monolith into 12 services. you re doing microservices now. except every service calls. https://example.com #tech 🚀,backend,datascience,1.3463436177047172,-0.9679803321070295,2.3143239498117465,20,209,29,backend,1.9686685876677013,18,True,True,0.34565536214404524,2
49,backend,backend,Original,stop api floods: redis sliding window rate limits stop api floods: redis sliding window rate limits the fixed window vulnerability when protecting your saas api at smart tech devs rate limiting is. smart tech devs smart tech devs,stop api floods: redis sliding window rate limits stop api floods: redis sliding window rate limits the fixed window vulnerability when protecting your saas api at smart tech devs rate limiting is. smart tech devs smart tech devs,backend,frontend,1.1462069106481314,-0.9538254107164106,2.1000323213645418,32,229,38,backend,2.1000323213645418,32,True,True,0.0,0
49,backend,backend,Minúsculas,stop api floods: redis sliding window rate limits stop api floods: redis sliding window rate limits the fixed window vulnerability when protecting your saas api at smart tech devs rate limiting is. smart tech devs smart tech devs,stop api floods: redis sliding window rate limits stop api floods: redis sliding window rate limits the fixed window vulnerability when protecting your saas api at smart tech devs rate limiting is. smart tech devs smart tech devs,backend,frontend,1.1462069106481314,-0.9538254107164106,2.1000323213645418,32,229,38,backend,2.1000323213645418,32,True,True,0.0,0
49,backend,backend,Mayúsculas,stop api floods: redis sliding window rate limits stop api floods: redis sliding window rate limits the fixed window vulnerability when protecting your saas api at smart tech devs rate limiting is. smart tech devs smart tech devs,STOP API FLOODS: REDIS SLIDING WINDOW RATE LIMITS STOP API FLOODS: REDIS SLIDING WINDOW RATE LIMITS THE FIXED WINDOW VULNERABILITY WHEN PROTECTING YOUR SAAS API AT SMART TECH DEVS RATE LIMITING IS. SMART TECH DEVS SMART TECH DEVS,frontend,cloud,-0.4451063611691545,-0.7587329513838929,0.3136265902147384,0,229,38,backend,2.1000323213645418,32,False,False,-1.7864057311498034,-32
49,backend,backend,Sin puntuación,stop api floods: redis sliding window rate limits stop api floods: redis sliding window rate limits the fixed window vulnerability when protecting your saas api at smart tech devs rate limiting is. smart tech devs smart tech devs,stop api floods redis sliding window rate limits stop api floods redis sliding window rate limits the fixed window vulnerability when protecting your saas api at smart tech devs rate limiting is smart tech devs smart tech devs,backend,frontend,1.1462069106481314,-0.9538254107164106,2.1000323213645418,32,226,38,backend,2.1000323213645418,32,True,True,0.0,0
49,backend,backend,Espacios irregulares,stop api floods: redis sliding window rate limits stop api floods: redis sliding window rate limits the fixed window vulnerability when protecting your saas api at smart tech devs rate limiting is. smart tech devs smart tech devs,stop   api   floods:   redis   sliding   window   rate   limits   stop   api   floods:   redis   sliding   window   rate   limits   the   fixed   window   vulnerability   when   protecting   your   saas   api   at   smart   tech   devs   rate   limiting   is.   smart   tech   devs   smart   tech   devs,backend,frontend,1.1462069106481314,-0.9538254107164106,2.1000323213645418,32,303,38,backend,2.1000323213645418,32,True,True,0.0,0
49,backend,backend,Errores tipográficos,stop api floods: redis sliding window rate limits stop api floods: redis sliding window rate limits the fixed window vulnerability when protecting your saas api at smart tech devs rate limiting is. smart tech devs smart tech devs,stop api floods: redis sldiing window rate liimts stop api floods: redis sldiing window rate liimts the fixed window vunlerability when protecting your saas api at smart tech devs rate liimting is. smart tech devs smart tech devs,backend,frontend,1.3134765541261508,-0.9928231470540788,2.3062997011802295,23,229,38,backend,2.1000323213645418,32,True,True,0.20626737981568777,-9
49,backend,backend,Texto truncado,stop api floods: redis sliding window rate limits stop api floods: redis sliding window rate limits the fixed window vulnerability when protecting your saas api at smart tech devs rate limiting is. smart tech devs smart tech devs,stop api floods: redis sliding window rate limits stop api floods: redis sliding window rate limits the fixed window,backend,frontend,0.7440098800577678,-1.0625481765738582,1.806558056631626,14,116,19,backend,2.1000323213645418,32,True,True,-0.2934742647329158,-18
49,backend,backend,Ruido web,stop api floods: redis sliding window rate limits stop api floods: redis sliding window rate limits the fixed window vulnerability when protecting your saas api at smart tech devs rate limiting is. smart tech devs smart tech devs,stop api floods: redis sliding window rate limits stop api floods: redis sliding window rate limits the fixed window vulnerability when protecting your saas api at smart tech devs rate limiting is. smart tech devs smart tech devs https://example.com #tech 🚀,backend,frontend,1.2589041279799011,-1.0006648703292331,2.2595689983091343,33,257,41,backend,2.1000323213645418,32,True,True,0.1595366769445925,1
627,backend,backend,Original,web developer travis mccracken on a case study in backend rewrite in rust web developer travis mccracken on a case study in backend rewrite in rust exploring the power of backend development with rust and go: insights from web developer travis. the power of backend development the power of backend development,web developer travis mccracken on a case study in backend rewrite in rust web developer travis mccracken on a case study in backend rewrite in rust exploring the power of backend development with rust and go: insights from web developer travis. the power of backend development the power of backend development,backend,datascience,1.840303474023791,-1.0406638755492787,2.8809673495730697,48,310,51,backend,2.8809673495730697,48,True,True,0.0,0
627,backend,backend,Minúsculas,web developer travis mccracken on a case study in backend rewrite in rust web developer travis mccracken on a case study in backend rewrite in rust exploring the power of backend development with rust and go: insights from web developer travis. the power of backend development the power of backend development,web developer travis mccracken on a case study in backend rewrite in rust web developer travis mccracken on a case study in backend rewrite in rust exploring the power of backend development with rust and go: insights from web developer travis. the power of backend development the power of backend development,backend,datascience,1.840303474023791,-1.0406638755492787,2.8809673495730697,48,310,51,backend,2.8809673495730697,48,True,True,0.0,0
627,backend,backend,Mayúsculas,web developer travis mccracken on a case study in backend rewrite in rust web developer travis mccracken on a case study in backend rewrite in rust exploring the power of backend development with rust and go: insights from web developer travis. the power of backend development the power of backend development,WEB DEVELOPER TRAVIS MCCRACKEN ON A CASE STUDY IN BACKEND REWRITE IN RUST WEB DEVELOPER TRAVIS MCCRACKEN ON A CASE STUDY IN BACKEND REWRITE IN RUST EXPLORING THE POWER OF BACKEND DEVELOPMENT WITH RUST AND GO: INSIGHTS FROM WEB DEVELOPER TRAVIS. THE POWER OF BACKEND DEVELOPMENT THE POWER OF BACKEND DEVELOPMENT,frontend,cloud,-0.4451063611691545,-0.7587329513838929,0.3136265902147384,0,310,51,backend,2.8809673495730697,48,False,False,-2.5673407593583315,-48
627,backend,backend,Sin puntuación,web developer travis mccracken on a case study in backend rewrite in rust web developer travis mccracken on a case study in backend rewrite in rust exploring the power of backend development with rust and go: insights from web developer travis. the power of backend development the power of backend development,web developer travis mccracken on a case study in backend rewrite in rust web developer travis mccracken on a case study in backend rewrite in rust exploring the power of backend development with rust and go insights from web developer travis the power of backend development the power of backend development,backend,datascience,1.840303474023791,-1.0406638755492787,2.8809673495730697,48,308,51,backend,2.8809673495730697,48,True,True,0.0,0
627,backend,backend,Espacios irregulares,web developer travis mccracken on a case study in backend rewrite in rust web developer travis mccracken on a case study in backend rewrite in rust exploring the power of backend development with rust and go: insights from web developer travis. the power of backend development the power of backend development,web   developer   travis   mccracken   on   a   case   study   in   backend   rewrite   in   rust   web   developer   travis   mccracken   on   a   case   study   in   backend   rewrite   in   rust   exploring   the   power   of   backend   development   with   rust   and   go:   insights   from   web   developer   travis.   the   power   of   backend   development   the   power   of   backend   development,backend,datascience,1.840303474023791,-1.0406638755492787,2.8809673495730697,48,410,51,backend,2.8809673495730697,48,True,True,0.0,0
627,backend,backend,Errores tipográficos,web developer travis mccracken on a case study in backend rewrite in rust web developer travis mccracken on a case study in backend rewrite in rust exploring the power of backend development with rust and go: insights from web developer travis. the power of backend development the power of backend development,web developer trvais mccracken on a case study in bakcend rewrite in rust web deevloper travis mcrcacken on a case study in backend rerwite in rust exploring the power of bakcend development with rust and go: inisghts from web developer trvais. the power of backend deevlopment the power of backend deevlopment,backend,datascience,1.312434207164972,-0.9354970258841744,2.2479312330491465,40,310,51,backend,2.8809673495730697,48,True,True,-0.6330361165239231,-8
627,backend,backend,Texto truncado,web developer travis mccracken on a case study in backend rewrite in rust web developer travis mccracken on a case study in backend rewrite in rust exploring the power of backend development with rust and go: insights from web developer travis. the power of backend development the power of backend development,web developer travis mccracken on a case study in backend rewrite in rust web developer travis mccracken on a case study in backend rewrite in,backend,datascience,1.2302484306920634,-1.1154750912111837,2.3457235219032473,23,142,25,backend,2.8809673495730697,48,True,True,-0.5352438276698224,-25
627,backend,backend,Ruido web,web developer travis mccracken on a case study in backend rewrite in rust web developer travis mccracken on a case study in backend rewrite in rust exploring the power of backend development with rust and go: insights from web developer travis. the power of backend development the power of backend development,web developer travis mccracken on a case study in backend rewrite in rust web developer travis mccracken on a case study in backend rewrite in rust exploring the power of backend development with rust and go: insights from web developer travis. the power of backend development the power of backend development https://example.com #tech 🚀,backend,datascience,1.973524169721172,-1.1017081438207668,3.075232313541939,50,338,54,backend,2.8809673495730697,48,True,True,0.19426496396886916,2
713,backend,backend,Original,testing password reset emails in postgresql-backed rest apis testing password reset emails in postgresql-backed rest apis a backend-focused guide to testing password reset emails with isolated inboxes token supersession checks and postgresql-friendly assertions.,testing password reset emails in postgresql-backed rest apis testing password reset emails in postgresql-backed rest apis a backend-focused guide to testing password reset emails with isolated inboxes token supersession checks and postgresql-friendly assertions.,backend,cloud,0.8860959399729457,-0.8714598426271278,1.7575557826000736,26,262,33,backend,1.7575557826000736,26,True,True,0.0,0
713,backend,backend,Minúsculas,testing password reset emails in postgresql-backed rest apis testing password reset emails in postgresql-backed rest apis a backend-focused guide to testing password reset emails with isolated inboxes token supersession checks and postgresql-friendly assertions.,testing password reset emails in postgresql-backed rest apis testing password reset emails in postgresql-backed rest apis a backend-focused guide to testing password reset emails with isolated inboxes token supersession checks and postgresql-friendly assertions.,backend,cloud,0.8860959399729457,-0.8714598426271278,1.7575557826000736,26,262,33,backend,1.7575557826000736,26,True,True,0.0,0
713,backend,backend,Mayúsculas,testing password reset emails in postgresql-backed rest apis testing password reset emails in postgresql-backed rest apis a backend-focused guide to testing password reset emails with isolated inboxes token supersession checks and postgresql-friendly assertions.,TESTING PASSWORD RESET EMAILS IN POSTGRESQL-BACKED REST APIS TESTING PASSWORD RESET EMAILS IN POSTGRESQL-BACKED REST APIS A BACKEND-FOCUSED GUIDE TO TESTING PASSWORD RESET EMAILS WITH ISOLATED INBOXES TOKEN SUPERSESSION CHECKS AND POSTGRESQL-FRIENDLY ASSERTIONS.,frontend,cloud,-0.4451063611691545,-0.7587329513838929,0.3136265902147384,0,262,33,backend,1.7575557826000736,26,False,False,-1.4439291923853352,-26
713,backend,backend,Sin puntuación,testing password reset emails in postgresql-backed rest apis testing password reset emails in postgresql-backed rest apis a backend-focused guide to testing password reset emails with isolated inboxes token supersession checks and postgresql-friendly assertions.,testing password reset emails in postgresql backed rest apis testing password reset emails in postgresql backed rest apis a backend focused guide to testing password reset emails with isolated inboxes token supersession checks and postgresql friendly assertions,backend,cloud,1.549888472474334,-1.1597127276053576,2.7096012000796916,31,261,37,backend,1.7575557826000736,26,True,True,0.952045417479618,5
713,backend,backend,Espacios irregulares,testing password reset emails in postgresql-backed rest apis testing password reset emails in postgresql-backed rest apis a backend-focused guide to testing password reset emails with isolated inboxes token supersession checks and postgresql-friendly assertions.,testing   password   reset   emails   in   postgresql-backed   rest   apis   testing   password   reset   emails   in   postgresql-backed   rest   apis   a   backend-focused   guide   to   testing   password   reset   emails   with   isolated   inboxes   token   supersession   checks   and   postgresql-friendly   assertions.,backend,cloud,0.8860959399729457,-0.8714598426271278,1.7575557826000736,26,326,33,backend,1.7575557826000736,26,True,True,0.0,0
713,backend,backend,Errores tipográficos,testing password reset emails in postgresql-backed rest apis testing password reset emails in postgresql-backed rest apis a backend-focused guide to testing password reset emails with isolated inboxes token supersession checks and postgresql-friendly assertions.,testing password reset emails in potsgresql-backed rest apis testing password reset emails in potsgresql-backed rest apis a backend-focused guide to tetsing password reset emials with isolated inobxes token supersession chceks and postgresql-friendly asesrtions.,backend,cloud,0.9224928910043894,-0.858527073960814,1.7810199649652034,22,262,33,backend,1.7575557826000736,26,True,True,0.023464182365129815,-4
713,backend,backend,Texto truncado,testing password reset emails in postgresql-backed rest apis testing password reset emails in postgresql-backed rest apis a backend-focused guide to testing password reset emails with isolated inboxes token supersession checks and postgresql-friendly assertions.,testing password reset emails in postgresql-backed rest apis testing password reset emails in postgresql-backed rest apis,backend,cloud,0.9851432704108701,-0.9753221516951163,1.9604654221059863,11,121,16,backend,1.7575557826000736,26,True,True,0.20290963950591268,-15
713,backend,backend,Ruido web,testing password reset emails in postgresql-backed rest apis testing password reset emails in postgresql-backed rest apis a backend-focused guide to testing password reset emails with isolated inboxes token supersession checks and postgresql-friendly assertions.,testing password reset emails in postgresql-backed rest apis testing password reset emails in postgresql-backed rest apis a backend-focused guide to testing password reset emails with isolated inboxes token supersession checks and postgresql-friendly assertions. https://example.com #tech 🚀,backend,cloud,1.0621361659495698,-0.928389842220023,1.9905260081695928,28,290,36,backend,1.7575557826000736,26,True,True,0.23297022556951918,2
560,backend,backend,Original,the life of a single api request the life of a single api request the life of a single api request follow one request from your keyboard to. the life of a single api request follow the life of a single api request follow,the life of a single api request the life of a single api request the life of a single api request follow one request from your keyboard to. the life of a single api request follow the life of a single api request follow,backend,cloud,-0.12651179879199792,-0.2720987945445243,0.14558699575252637,19,220,44,backend,0.14558699575252637,19,True,True,0.0,0
560,backend,backend,Minúsculas,the life of a single api request the life of a single api request the life of a single api request follow one request from your keyboard to. the life of a single api request follow the life of a single api request follow,the life of a single api request the life of a single api request the life of a single api request follow one request from your keyboard to. the life of a single api request follow the life of a single api request follow,backend,cloud,-0.12651179879199792,-0.2720987945445243,0.14558699575252637,19,220,44,backend,0.14558699575252637,19,True,True,0.0,0
560,backend,backend,Mayúsculas,the life of a single api request the life of a single api request the life of a single api request follow one request from your keyboard to. the life of a single api request follow the life of a single api request follow,THE LIFE OF A SINGLE API REQUEST THE LIFE OF A SINGLE API REQUEST THE LIFE OF A SINGLE API REQUEST FOLLOW ONE REQUEST FROM YOUR KEYBOARD TO. THE LIFE OF A SINGLE API REQUEST FOLLOW THE LIFE OF A SINGLE API REQUEST FOLLOW,frontend,cloud,-0.4451063611691545,-0.7587329513838929,0.3136265902147384,0,220,44,backend,0.14558699575252637,19,False,False,0.168039594462212,-19
560,backend,backend,Sin puntuación,the life of a single api request the life of a single api request the life of a single api request follow one request from your keyboard to. the life of a single api request follow the life of a single api request follow,the life of a single api request the life of a single api request the life of a single api request follow one request from your keyboard to the life of a single api request follow the life of a single api request follow,backend,cloud,-0.12651179879199792,-0.2720987945445243,0.14558699575252637,19,219,44,backend,0.14558699575252637,19,True,True,0.0,0
560,backend,backend,Espacios irregulares,the life of a single api request the life of a single api request the life of a single api request follow one request from your keyboard to. the life of a single api request follow the life of a single api request follow,the   life   of   a   single   api   request   the   life   of   a   single   api   request   the   life   of   a   single   api   request   follow   one   request   from   your   keyboard   to.   the   life   of   a   single   api   request   follow   the   life   of   a   single   api   request   follow,backend,cloud,-0.12651179879199792,-0.2720987945445243,0.14558699575252637,19,306,44,backend,0.14558699575252637,19,True,True,0.0,0
560,backend,backend,Errores tipográficos,the life of a single api request the life of a single api request the life of a single api request follow one request from your keyboard to. the life of a single api request follow the life of a single api request follow,the life of a single api reuqest the life of a single api reuqest the life of a single api reuqest follow one reuqest from your keyboard to. the life of a signle api request follow the life of a single api reuqest follow,cloud,backend,-0.15468457621045328,-0.4221642094073004,0.2674796331968471,18,220,44,backend,0.14558699575252637,19,False,False,0.12189263744432072,-1
560,backend,backend,Texto truncado,the life of a single api request the life of a single api request the life of a single api request follow one request from your keyboard to. the life of a single api request follow the life of a single api request follow,the life of a single api request the life of a single api request the life of a single api request follow,backend,cloud,-0.12100118422627248,-0.2423712533273884,0.12137006910111592,11,105,22,backend,0.14558699575252637,19,True,True,-0.024216926651410453,-8
560,backend,backend,Ruido web,the life of a single api request the life of a single api request the life of a single api request follow one request from your keyboard to. the life of a single api request follow the life of a single api request follow,the life of a single api request the life of a single api request the life of a single api request follow one request from your keyboard to. the life of a single api request follow the life of a single api request follow https://example.com #tech 🚀,backend,cloud,0.06946040624279559,-0.3408356849136889,0.41029609115648447,21,248,47,backend,0.14558699575252637,19,True,True,0.2647090954039581,2
625,backend,backend,Original,postgresql best practices for backend developers postgresql best practices for backend developers design your database schema carefully a well-designed schema is the foundation of a successful.,postgresql best practices for backend developers postgresql best practices for backend developers design your database schema carefully a well-designed schema is the foundation of a successful.,backend,datascience,1.7001594573877616,-1.3546468888822427,3.0548063462700044,26,193,26,backend,3.0548063462700044,26,True,True,0.0,0
625,backend,backend,Minúsculas,postgresql best practices for backend developers postgresql best practices for backend developers design your database schema carefully a well-designed schema is the foundation of a successful.,postgresql best practices for backend developers postgresql best practices for backend developers design your database schema carefully a well-designed schema is the foundation of a successful.,backend,datascience,1.7001594573877616,-1.3546468888822427,3.0548063462700044,26,193,26,backend,3.0548063462700044,26,True,True,0.0,0
625,backend,backend,Mayúsculas,postgresql best practices for backend developers postgresql best practices for backend developers design your database schema carefully a well-designed schema is the foundation of a successful.,POSTGRESQL BEST PRACTICES FOR BACKEND DEVELOPERS POSTGRESQL BEST PRACTICES FOR BACKEND DEVELOPERS DESIGN YOUR DATABASE SCHEMA CAREFULLY A WELL-DESIGNED SCHEMA IS THE FOUNDATION OF A SUCCESSFUL.,frontend,cloud,-0.4451063611691545,-0.7587329513838929,0.3136265902147384,0,193,26,backend,3.0548063462700044,26,False,False,-2.741179756055266,-26
625,backend,backend,Sin puntuación,postgresql best practices for backend developers postgresql best practices for backend developers design your database schema carefully a well-designed schema is the foundation of a successful.,postgresql best practices for backend developers postgresql best practices for backend developers design your database schema carefully a well designed schema is the foundation of a successful,backend,datascience,1.7227334192920636,-1.3365211355977034,3.059254554889767,28,192,27,backend,3.0548063462700044,26,True,True,0.004448208619762806,2
625,backend,backend,Espacios irregulares,postgresql best practices for backend developers postgresql best practices for backend developers design your database schema carefully a well-designed schema is the foundation of a successful.,postgresql   best   practices   for   backend   developers   postgresql   best   practices   for   backend   developers   design   your   database   schema   carefully   a   well-designed   schema   is   the   foundation   of   a   successful.,backend,datascience,1.7001594573877616,-1.3546468888822427,3.0548063462700044,26,243,26,backend,3.0548063462700044,26,True,True,0.0,0
625,backend,backend,Errores tipográficos,postgresql best practices for backend developers postgresql best practices for backend developers design your database schema carefully a well-designed schema is the foundation of a successful.,postgresql best prcatices for backend deevlopers postgresql best prcatices for backend deevlopers design your daatbase schema caerfully a well-designed scehma is the foundation of a successful.,backend,datascience,1.7124114198794995,-0.9657643129886428,2.6781757328681426,18,193,26,backend,3.0548063462700044,26,True,True,-0.37663061340186177,-8
625,backend,backend,Texto truncado,postgresql best practices for backend developers postgresql best practices for backend developers design your database schema carefully a well-designed schema is the foundation of a successful.,postgresql best practices for backend developers postgresql best practices for backend developers design,backend,frontend,1.3907076080887104,-0.9539789706130127,2.3446865787017233,11,104,13,backend,3.0548063462700044,26,True,True,-0.7101197675682811,-15
625,backend,backend,Ruido web,postgresql best practices for backend developers postgresql best practices for backend developers design your database schema carefully a well-designed schema is the foundation of a successful.,postgresql best practices for backend developers postgresql best practices for backend developers design your database schema carefully a well-designed schema is the foundation of a successful. https://example.com #tech 🚀,backend,datascience,1.8827301218565036,-1.438022763193147,3.3207528850496506,28,221,29,backend,3.0548063462700044,26,True,True,0.26594653877964625,2
153,backend,backend,Original,building a crud api in go building a crud api in go previously we built a simple task api that could create and retrieve tasks. if you have been. api api,building a crud api in go building a crud api in go previously we built a simple task api that could create and retrieve tasks. if you have been. api api,backend,datascience,2.393894446773815,-1.3072733980016151,3.70116784477543,31,153,31,backend,3.70116784477543,31,True,True,0.0,0
153,backend,backend,Minúsculas,building a crud api in go building a crud api in go previously we built a simple task api that could create and retrieve tasks. if you have been. api api,building a crud api in go building a crud api in go previously we built a simple task api that could create and retrieve tasks. if you have been. api api,backend,datascience,2.393894446773815,-1.3072733980016151,3.70116784477543,31,153,31,backend,3.70116784477543,31,True,True,0.0,0
153,backend,backend,Mayúsculas,building a crud api in go building a crud api in go previously we built a simple task api that could create and retrieve tasks. if you have been. api api,BUILDING A CRUD API IN GO BUILDING A CRUD API IN GO PREVIOUSLY WE BUILT A SIMPLE TASK API THAT COULD CREATE AND RETRIEVE TASKS. IF YOU HAVE BEEN. API API,frontend,cloud,-0.4451063611691545,-0.7587329513838929,0.3136265902147384,0,153,31,backend,3.70116784477543,31,False,False,-3.3875412545606913,-31
153,backend,backend,Sin puntuación,building a crud api in go building a crud api in go previously we built a simple task api that could create and retrieve tasks. if you have been. api api,building a crud api in go building a crud api in go previously we built a simple task api that could create and retrieve tasks if you have been api api,backend,datascience,2.393894446773815,-1.3072733980016151,3.70116784477543,31,151,31,backend,3.70116784477543,31,True,True,0.0,0
153,backend,backend,Espacios irregulares,building a crud api in go building a crud api in go previously we built a simple task api that could create and retrieve tasks. if you have been. api api,building   a   crud   api   in   go   building   a   crud   api   in   go   previously   we   built   a   simple   task   api   that   could   create   and   retrieve   tasks.   if   you   have   been.   api   api,backend,datascience,2.393894446773815,-1.3072733980016151,3.70116784477543,31,213,31,backend,3.70116784477543,31,True,True,0.0,0
153,backend,backend,Errores tipográficos,building a crud api in go building a crud api in go previously we built a simple task api that could create and retrieve tasks. if you have been. api api,building a crud api in go buliding a crud api in go previously we built a sipmle task api that could create and rertieve tasks. if you have been. api api,backend,datascience,2.4068641479972848,-1.3690413954393197,3.7759055434366045,29,153,31,backend,3.70116784477543,31,True,True,0.07473769866117452,-2
153,backend,backend,Texto truncado,building a crud api in go building a crud api in go previously we built a simple task api that could create and retrieve tasks. if you have been. api api,building a crud api in go building a crud api in go previously we built,backend,frontend,2.906736305481998,-1.6517169755820413,4.55845328106404,12,71,15,backend,3.70116784477543,31,True,True,0.8572854362886098,-19
153,backend,backend,Ruido web,building a crud api in go building a crud api in go previously we built a simple task api that could create and retrieve tasks. if you have been. api api,building a crud api in go building a crud api in go previously we built a simple task api that could create and retrieve tasks. if you have been. api api https://example.com #tech 🚀,backend,datascience,2.5601268446927814,-1.3978623020434329,3.9579891467362143,33,181,34,backend,3.70116784477543,31,True,True,0.25682130196078434,2
59,backend,backend,Original,retry timeout and bulkhead: composing resilience4j the right way retry timeout and bulkhead: composing resilience4j the right way day 15 of building orderhub in the open. yesterday i added a circuit breaker around the inventory. yesterday orderhub day 15 yesterday orderhub day 15,retry timeout and bulkhead: composing resilience4j the right way retry timeout and bulkhead: composing resilience4j the right way day 15 of building orderhub in the open. yesterday i added a circuit breaker around the inventory. yesterday orderhub day 15 yesterday orderhub day 15,backend,cloud,1.1309004724737086,-1.3427168907358855,2.473617363209594,36,280,43,backend,2.473617363209594,36,True,True,0.0,0
59,backend,backend,Minúsculas,retry timeout and bulkhead: composing resilience4j the right way retry timeout and bulkhead: composing resilience4j the right way day 15 of building orderhub in the open. yesterday i added a circuit breaker around the inventory. yesterday orderhub day 15 yesterday orderhub day 15,retry timeout and bulkhead: composing resilience4j the right way retry timeout and bulkhead: composing resilience4j the right way day 15 of building orderhub in the open. yesterday i added a circuit breaker around the inventory. yesterday orderhub day 15 yesterday orderhub day 15,backend,cloud,1.1309004724737086,-1.3427168907358855,2.473617363209594,36,280,43,backend,2.473617363209594,36,True,True,0.0,0
59,backend,backend,Mayúsculas,retry timeout and bulkhead: composing resilience4j the right way retry timeout and bulkhead: composing resilience4j the right way day 15 of building orderhub in the open. yesterday i added a circuit breaker around the inventory. yesterday orderhub day 15 yesterday orderhub day 15,RETRY TIMEOUT AND BULKHEAD: COMPOSING RESILIENCE4J THE RIGHT WAY RETRY TIMEOUT AND BULKHEAD: COMPOSING RESILIENCE4J THE RIGHT WAY DAY 15 OF BUILDING ORDERHUB IN THE OPEN. YESTERDAY I ADDED A CIRCUIT BREAKER AROUND THE INVENTORY. YESTERDAY ORDERHUB DAY 15 YESTERDAY ORDERHUB DAY 15,frontend,backend,-0.4387658845361311,-0.5257656699572558,0.08699978542112474,1,280,43,backend,2.473617363209594,36,False,False,-2.3866175777884693,-35
59,backend,backend,Sin puntuación,retry timeout and bulkhead: composing resilience4j the right way retry timeout and bulkhead: composing resilience4j the right way day 15 of building orderhub in the open. yesterday i added a circuit breaker around the inventory. yesterday orderhub day 15 yesterday orderhub day 15,retry timeout and bulkhead composing resilience4j the right way retry timeout and bulkhead composing resilience4j the right way day 15 of building orderhub in the open yesterday i added a circuit breaker around the inventory yesterday orderhub day 15 yesterday orderhub day 15,backend,cloud,1.1309004724737086,-1.3427168907358855,2.473617363209594,36,276,43,backend,2.473617363209594,36,True,True,0.0,0
59,backend,backend,Espacios irregulares,retry timeout and bulkhead: composing resilience4j the right way retry timeout and bulkhead: composing resilience4j the right way day 15 of building orderhub in the open. yesterday i added a circuit breaker around the inventory. yesterday orderhub day 15 yesterday orderhub day 15,retry   timeout   and   bulkhead:   composing   resilience4j   the   right   way   retry   timeout   and   bulkhead:   composing   resilience4j   the   right   way   day   15   of   building   orderhub   in   the   open.   yesterday   i   added   a   circuit   breaker   around   the   inventory.   yesterday   orderhub   day   15   yesterday   orderhub   day   15,backend,cloud,1.1309004724737086,-1.3427168907358855,2.473617363209594,36,364,43,backend,2.473617363209594,36,True,True,0.0,0
59,backend,backend,Errores tipográficos,retry timeout and bulkhead: composing resilience4j the right way retry timeout and bulkhead: composing resilience4j the right way day 15 of building orderhub in the open. yesterday i added a circuit breaker around the inventory. yesterday orderhub day 15 yesterday orderhub day 15,retry timeout and buklhead: composing reislience4j the right way retry timeout and buklhead: composing reislience4j the right way day 15 of building oredrhub in the open. yesterday i added a cicruit breaker aruond the inventory. yetserday orderhub day 15 yetserday orderhub day 15,backend,cloud,0.9234600823923317,-1.124158384574792,2.0476184669671236,28,280,43,backend,2.473617363209594,36,True,True,-0.42599889624247034,-8
59,backend,backend,Texto truncado,retry timeout and bulkhead: composing resilience4j the right way retry timeout and bulkhead: composing resilience4j the right way day 15 of building orderhub in the open. yesterday i added a circuit breaker around the inventory. yesterday orderhub day 15 yesterday orderhub day 15,retry timeout and bulkhead: composing resilience4j the right way retry timeout and bulkhead: composing resilience4j the right way day 15 of,backend,cloud,0.5471485080227628,-0.755512447292466,1.3026609553152289,12,139,21,backend,2.473617363209594,36,True,True,-1.170956407894365,-24
59,backend,backend,Ruido web,retry timeout and bulkhead: composing resilience4j the right way retry timeout and bulkhead: composing resilience4j the right way day 15 of building orderhub in the open. yesterday i added a circuit breaker around the inventory. yesterday orderhub day 15 yesterday orderhub day 15,retry timeout and bulkhead: composing resilience4j the right way retry timeout and bulkhead: composing resilience4j the right way day 15 of building orderhub in the open. yesterday i added a circuit breaker around the inventory. yesterday orderhub day 15 yesterday orderhub day 15 https://example.com #tech 🚀,backend,cloud,1.29050072341867,-1.3871935902078425,2.6776943136265126,38,308,46,backend,2.473617363209594,36,True,True,0.20407695041691865,2
754,backend,backend,Original,reverse proxy reverse proxy one-liner: a reverse proxy sits in front of your servers accepting client requests and forwarding.,reverse proxy reverse proxy one-liner: a reverse proxy sits in front of your servers accepting client requests and forwarding.,backend,frontend,1.1646289495097415,-1.1203993085330506,2.285028258042792,18,126,19,backend,2.285028258042792,18,True,True,0.0,0
754,backend,backend,Minúsculas,reverse proxy reverse proxy one-liner: a reverse proxy sits in front of your servers accepting client requests and forwarding.,reverse proxy reverse proxy one-liner: a reverse proxy sits in front of your servers accepting client requests and forwarding.,backend,frontend,1.1646289495097415,-1.1203993085330506,2.285028258042792,18,126,19,backend,2.285028258042792,18,True,True,0.0,0
754,backend,backend,Mayúsculas,reverse proxy reverse proxy one-liner: a reverse proxy sits in front of your servers accepting client requests and forwarding.,REVERSE PROXY REVERSE PROXY ONE-LINER: A REVERSE PROXY SITS IN FRONT OF YOUR SERVERS ACCEPTING CLIENT REQUESTS AND FORWARDING.,frontend,cloud,-0.4451063611691545,-0.7587329513838929,0.3136265902147384,0,126,19,backend,2.285028258042792,18,False,False,-1.9714016678280537,-18
754,backend,backend,Sin puntuación,reverse proxy reverse proxy one-liner: a reverse proxy sits in front of your servers accepting client requests and forwarding.,reverse proxy reverse proxy one liner a reverse proxy sits in front of your servers accepting client requests and forwarding,backend,frontend,0.8564150825218692,-0.9914837704111018,1.847898852932971,17,124,20,backend,2.285028258042792,18,True,True,-0.4371294051098211,-1
754,backend,backend,Espacios irregulares,reverse proxy reverse proxy one-liner: a reverse proxy sits in front of your servers accepting client requests and forwarding.,reverse   proxy   reverse   proxy   one-liner:   a   reverse   proxy   sits   in   front   of   your   servers   accepting   client   requests   and   forwarding.,backend,frontend,1.1646289495097415,-1.1203993085330506,2.285028258042792,18,162,19,backend,2.285028258042792,18,True,True,0.0,0
754,backend,backend,Errores tipográficos,reverse proxy reverse proxy one-liner: a reverse proxy sits in front of your servers accepting client requests and forwarding.,reverse proxy reevrse proxy one-liner: a reevrse proxy sits in front of your servers acecpting client reuqests and forwarding.,backend,frontend,1.1030893386186005,-1.25900367004141,2.3620930086600103,16,126,19,backend,2.285028258042792,18,True,True,0.07706475061721818,-2
754,backend,backend,Texto truncado,reverse proxy reverse proxy one-liner: a reverse proxy sits in front of your servers accepting client requests and forwarding.,reverse proxy reverse proxy one-liner: a reverse proxy sits,backend,frontend,0.7626618091544589,-0.9663752725753981,1.729037081729857,8,59,9,backend,2.285028258042792,18,True,True,-0.555991176312935,-10
754,backend,backend,Ruido web,reverse proxy reverse proxy one-liner: a reverse proxy sits in front of your servers accepting client requests and forwarding.,reverse proxy reverse proxy one-liner: a reverse proxy sits in front of your servers accepting client requests and forwarding. https://example.com #tech 🚀,backend,frontend,1.378888290478805,-1.1284469295233728,2.5073352200021777,20,154,22,backend,2.285028258042792,18,True,True,0.2223069619593856,2
718,backend,backend,Original,what integrating sso and payroll data sync across a dozen systems taught me about api design what integrating sso and payroll data sync across a dozen systems taught me about api design most engineers don t think about hr software until they re the ones stuck debugging why a new hire s.,what integrating sso and payroll data sync across a dozen systems taught me about api design what integrating sso and payroll data sync across a dozen systems taught me about api design most engineers don t think about hr software until they re the ones stuck debugging why a new hire s.,backend,datascience,1.3518143842404662,0.06456932215634537,1.287245062084121,44,287,52,backend,1.287245062084121,44,True,True,0.0,0
718,backend,backend,Minúsculas,what integrating sso and payroll data sync across a dozen systems taught me about api design what integrating sso and payroll data sync across a dozen systems taught me about api design most engineers don t think about hr software until they re the ones stuck debugging why a new hire s.,what integrating sso and payroll data sync across a dozen systems taught me about api design what integrating sso and payroll data sync across a dozen systems taught me about api design most engineers don t think about hr software until they re the ones stuck debugging why a new hire s.,backend,datascience,1.3518143842404662,0.06456932215634537,1.287245062084121,44,287,52,backend,1.287245062084121,44,True,True,0.0,0
718,backend,backend,Mayúsculas,what integrating sso and payroll data sync across a dozen systems taught me about api design what integrating sso and payroll data sync across a dozen systems taught me about api design most engineers don t think about hr software until they re the ones stuck debugging why a new hire s.,WHAT INTEGRATING SSO AND PAYROLL DATA SYNC ACROSS A DOZEN SYSTEMS TAUGHT ME ABOUT API DESIGN WHAT INTEGRATING SSO AND PAYROLL DATA SYNC ACROSS A DOZEN SYSTEMS TAUGHT ME ABOUT API DESIGN MOST ENGINEERS DON T THINK ABOUT HR SOFTWARE UNTIL THEY RE THE ONES STUCK DEBUGGING WHY A NEW HIRE S.,frontend,cloud,-0.4451063611691545,-0.7587329513838929,0.3136265902147384,0,287,52,backend,1.287245062084121,44,False,False,-0.9736184718693826,-44
718,backend,backend,Sin puntuación,what integrating sso and payroll data sync across a dozen systems taught me about api design what integrating sso and payroll data sync across a dozen systems taught me about api design most engineers don t think about hr software until they re the ones stuck debugging why a new hire s.,what integrating sso and payroll data sync across a dozen systems taught me about api design what integrating sso and payroll data sync across a dozen systems taught me about api design most engineers don t think about hr software until they re the ones stuck debugging why a new hire s,backend,datascience,1.3518143842404662,0.06456932215634537,1.287245062084121,44,286,52,backend,1.287245062084121,44,True,True,0.0,0
718,backend,backend,Espacios irregulares,what integrating sso and payroll data sync across a dozen systems taught me about api design what integrating sso and payroll data sync across a dozen systems taught me about api design most engineers don t think about hr software until they re the ones stuck debugging why a new hire s.,what   integrating   sso   and   payroll   data   sync   across   a   dozen   systems   taught   me   about   api   design   what   integrating   sso   and   payroll   data   sync   across   a   dozen   systems   taught   me   about   api   design   most   engineers   don   t   think   about   hr   software   until   they   re   the   ones   stuck   debugging   why   a   new   hire   s.,backend,datascience,1.3518143842404662,0.06456932215634537,1.287245062084121,44,389,52,backend,1.287245062084121,44,True,True,0.0,0
718,backend,backend,Errores tipográficos,what integrating sso and payroll data sync across a dozen systems taught me about api design what integrating sso and payroll data sync across a dozen systems taught me about api design most engineers don t think about hr software until they re the ones stuck debugging why a new hire s.,what integrating sso and paryoll data sync across a dozen sytsems taught me about api deisgn what integrating sso and paryoll data sync across a dozen sytsems taught me about api deisgn most engineers don t think about hr sotfware until they re the ones stuck debugging why a new hire s.,backend,datascience,0.8780497949955642,0.45387618833155496,0.4241736066640093,39,287,52,backend,1.287245062084121,44,True,True,-0.8630714554201117,-5
718,backend,backend,Texto truncado,what integrating sso and payroll data sync across a dozen systems taught me about api design what integrating sso and payroll data sync across a dozen systems taught me about api design most engineers don t think about hr software until they re the ones stuck debugging why a new hire s.,what integrating sso and payroll data sync across a dozen systems taught me about api design what integrating sso and payroll data sync across a dozen,datascience,backend,0.4084951077795409,0.3010052280127061,0.10748987976683477,20,150,26,backend,1.287245062084121,44,False,False,-1.1797551823172863,-24
718,backend,backend,Ruido web,what integrating sso and payroll data sync across a dozen systems taught me about api design what integrating sso and payroll data sync across a dozen systems taught me about api design most engineers don t think about hr software until they re the ones stuck debugging why a new hire s.,what integrating sso and payroll data sync across a dozen systems taught me about api design what integrating sso and payroll data sync across a dozen systems taught me about api design most engineers don t think about hr software until they re the ones stuck debugging why a new hire s. https://example.com #tech 🚀,backend,datascience,1.5104729020020122,-0.026054650841225824,1.536527552843238,46,315,55,backend,1.287245062084121,44,True,True,0.24928249075911713,2
48,backend,backend,Original,the cryptographic crucible: why most altcoins eventually disappear the cryptographic crucible: why most altcoins eventually disappear your blockchain app will not die from a bad idea. it will die from a backpressure.,the cryptographic crucible: why most altcoins eventually disappear the cryptographic crucible: why most altcoins eventually disappear your blockchain app will not die from a bad idea. it will die from a backpressure.,backend,datascience,0.4055523169429126,-0.5762010395491057,0.9817533564920183,20,216,32,backend,0.9817533564920183,20,True,True,0.0,0
48,backend,backend,Minúsculas,the cryptographic crucible: why most altcoins eventually disappear the cryptographic crucible: why most altcoins eventually disappear your blockchain app will not die from a bad idea. it will die from a backpressure.,the cryptographic crucible: why most altcoins eventually disappear the cryptographic crucible: why most altcoins eventually disappear your blockchain app will not die from a bad idea. it will die from a backpressure.,backend,datascience,0.4055523169429126,-0.5762010395491057,0.9817533564920183,20,216,32,backend,0.9817533564920183,20,True,True,0.0,0
48,backend,backend,Mayúsculas,the cryptographic crucible: why most altcoins eventually disappear the cryptographic crucible: why most altcoins eventually disappear your blockchain app will not die from a bad idea. it will die from a backpressure.,THE CRYPTOGRAPHIC CRUCIBLE: WHY MOST ALTCOINS EVENTUALLY DISAPPEAR THE CRYPTOGRAPHIC CRUCIBLE: WHY MOST ALTCOINS EVENTUALLY DISAPPEAR YOUR BLOCKCHAIN APP WILL NOT DIE FROM A BAD IDEA. IT WILL DIE FROM A BACKPRESSURE.,frontend,cloud,-0.4451063611691545,-0.7587329513838929,0.3136265902147384,0,216,32,backend,0.9817533564920183,20,False,False,-0.66812676627728,-20
48,backend,backend,Sin puntuación,the cryptographic crucible: why most altcoins eventually disappear the cryptographic crucible: why most altcoins eventually disappear your blockchain app will not die from a bad idea. it will die from a backpressure.,the cryptographic crucible why most altcoins eventually disappear the cryptographic crucible why most altcoins eventually disappear your blockchain app will not die from a bad idea it will die from a backpressure,backend,datascience,0.4055523169429126,-0.5762010395491057,0.9817533564920183,20,212,32,backend,0.9817533564920183,20,True,True,0.0,0
48,backend,backend,Espacios irregulares,the cryptographic crucible: why most altcoins eventually disappear the cryptographic crucible: why most altcoins eventually disappear your blockchain app will not die from a bad idea. it will die from a backpressure.,the   cryptographic   crucible:   why   most   altcoins   eventually   disappear   the   cryptographic   crucible:   why   most   altcoins   eventually   disappear   your   blockchain   app   will   not   die   from   a   bad   idea.   it   will   die   from   a   backpressure.,backend,datascience,0.4055523169429126,-0.5762010395491057,0.9817533564920183,20,278,32,backend,0.9817533564920183,20,True,True,0.0,0
48,backend,backend,Errores tipográficos,the cryptographic crucible: why most altcoins eventually disappear the cryptographic crucible: why most altcoins eventually disappear your blockchain app will not die from a bad idea. it will die from a backpressure.,the cryptographic crcuible: why most altcoins evnetually disappear the crpytographic crucible: why most alctoins eventually diasppear your blockchain app will not die from a bad idea. it will die from a bakcpressure.,backend,datascience,0.38484140672340594,-0.5135445885412318,0.8983859952646377,19,216,32,backend,0.9817533564920183,20,True,True,-0.08336736122738064,-1
48,backend,backend,Texto truncado,the cryptographic crucible: why most altcoins eventually disappear the cryptographic crucible: why most altcoins eventually disappear your blockchain app will not die from a bad idea. it will die from a backpressure.,the cryptographic crucible: why most altcoins eventually disappear the cryptographic crucible: why most altcoins eventually disappear,backend,datascience,-0.2847893908832616,-0.3580839116583991,0.07329452077513748,5,133,16,backend,0.9817533564920183,20,True,True,-0.9084588357168808,-15
48,backend,backend,Ruido web,the cryptographic crucible: why most altcoins eventually disappear the cryptographic crucible: why most altcoins eventually disappear your blockchain app will not die from a bad idea. it will die from a backpressure.,the cryptographic crucible: why most altcoins eventually disappear the cryptographic crucible: why most altcoins eventually disappear your blockchain app will not die from a bad idea. it will die from a backpressure. https://example.com #tech 🚀,backend,datascience,0.6551692143271198,-0.7014129362103879,1.3565821505375077,22,244,35,backend,0.9817533564920183,20,True,True,0.3748287940454894,2
236,backend,backend,Original,your rate limiter is not a security control your rate limiter is not a security control last week a bot pulled 100 of one passport s data out of my visa api in a few minutes. my rate. ~100% api last week a few minutes ~100% api last week a few minutes,your rate limiter is not a security control your rate limiter is not a security control last week a bot pulled 100 of one passport s data out of my visa api in a few minutes. my rate. ~100% api last week a few minutes ~100% api last week a few minutes,backend,datascience,0.9296529100608254,-0.543618563665127,1.4732714737259522,41,251,52,backend,1.4732714737259522,41,True,True,0.0,0
236,backend,backend,Minúsculas,your rate limiter is not a security control your rate limiter is not a security control last week a bot pulled 100 of one passport s data out of my visa api in a few minutes. my rate. ~100% api last week a few minutes ~100% api last week a few minutes,your rate limiter is not a security control your rate limiter is not a security control last week a bot pulled 100 of one passport s data out of my visa api in a few minutes. my rate. ~100% api last week a few minutes ~100% api last week a few minutes,backend,datascience,0.9296529100608254,-0.543618563665127,1.4732714737259522,41,251,52,backend,1.4732714737259522,41,True,True,0.0,0
236,backend,backend,Mayúsculas,your rate limiter is not a security control your rate limiter is not a security control last week a bot pulled 100 of one passport s data out of my visa api in a few minutes. my rate. ~100% api last week a few minutes ~100% api last week a few minutes,YOUR RATE LIMITER IS NOT A SECURITY CONTROL YOUR RATE LIMITER IS NOT A SECURITY CONTROL LAST WEEK A BOT PULLED 100 OF ONE PASSPORT S DATA OUT OF MY VISA API IN A FEW MINUTES. MY RATE. ~100% API LAST WEEK A FEW MINUTES ~100% API LAST WEEK A FEW MINUTES,datascience,backend,-0.28081659068379683,-0.7122774041253016,0.4314608134415048,1,251,52,backend,1.4732714737259522,41,False,False,-1.0418106602844475,-40
236,backend,backend,Sin puntuación,your rate limiter is not a security control your rate limiter is not a security control last week a bot pulled 100 of one passport s data out of my visa api in a few minutes. my rate. ~100% api last week a few minutes ~100% api last week a few minutes,your rate limiter is not a security control your rate limiter is not a security control last week a bot pulled 100 of one passport s data out of my visa api in a few minutes my rate 100 api last week a few minutes 100 api last week a few minutes,backend,datascience,0.9296529100608254,-0.543618563665127,1.4732714737259522,41,245,52,backend,1.4732714737259522,41,True,True,0.0,0
236,backend,backend,Espacios irregulares,your rate limiter is not a security control your rate limiter is not a security control last week a bot pulled 100 of one passport s data out of my visa api in a few minutes. my rate. ~100% api last week a few minutes ~100% api last week a few minutes,your   rate   limiter   is   not   a   security   control   your   rate   limiter   is   not   a   security   control   last   week   a   bot   pulled   100   of   one   passport   s   data   out   of   my   visa   api   in   a   few   minutes.   my   rate.   ~100%   api   last   week   a   few   minutes   ~100%   api   last   week   a   few   minutes,backend,datascience,0.9296529100608254,-0.543618563665127,1.4732714737259522,41,353,52,backend,1.4732714737259522,41,True,True,0.0,0
236,backend,backend,Errores tipográficos,your rate limiter is not a security control your rate limiter is not a security control last week a bot pulled 100 of one passport s data out of my visa api in a few minutes. my rate. ~100% api last week a few minutes ~100% api last week a few minutes,your rate limiter is not a seucrity control your rate liimter is not a security cotnrol last week a bot pulled 100 of one passport s data out of my visa api in a few minutes. my rate. ~100% api last week a few miuntes ~100% api last week a few minutes,backend,datascience,0.7818673532679427,-0.296801830782207,1.0786691840501497,41,251,52,backend,1.4732714737259522,41,True,True,-0.3946022896758026,0
236,backend,backend,Texto truncado,your rate limiter is not a security control your rate limiter is not a security control last week a bot pulled 100 of one passport s data out of my visa api in a few minutes. my rate. ~100% api last week a few minutes ~100% api last week a few minutes,your rate limiter is not a security control your rate limiter is not a security control last week a bot pulled 100 of one passport s,backend,cloud,0.8215834166140897,-0.5832090917131585,1.4047925083272483,25,132,26,backend,1.4732714737259522,41,True,True,-0.0684789653987039,-16
236,backend,backend,Ruido web,your rate limiter is not a security control your rate limiter is not a security control last week a bot pulled 100 of one passport s data out of my visa api in a few minutes. my rate. ~100% api last week a few minutes ~100% api last week a few minutes,your rate limiter is not a security control your rate limiter is not a security control last week a bot pulled 100 of one passport s data out of my visa api in a few minutes. my rate. ~100% api last week a few minutes ~100% api last week a few minutes https://example.com #tech 🚀,backend,datascience,1.0780299362103336,-0.613077805163078,1.6911077413734117,43,279,55,backend,1.4732714737259522,41,True,True,0.21783626764745945,2
245,backend,backend,Original,effective go in 2026: the idioms that still decide good go code effective go in 2026: the idioms that still decide good go code the effective go idioms that still separate good go from bad in 2026: composition small interfaces error values and sharing by communicating.,effective go in 2026: the idioms that still decide good go code effective go in 2026: the idioms that still decide good go code the effective go idioms that still separate good go from bad in 2026: composition small interfaces error values and sharing by communicating.,backend,frontend,0.9347284324096089,-0.548543223954306,1.483271656363915,27,269,46,backend,1.483271656363915,27,True,True,0.0,0
245,backend,backend,Minúsculas,effective go in 2026: the idioms that still decide good go code effective go in 2026: the idioms that still decide good go code the effective go idioms that still separate good go from bad in 2026: composition small interfaces error values and sharing by communicating.,effective go in 2026: the idioms that still decide good go code effective go in 2026: the idioms that still decide good go code the effective go idioms that still separate good go from bad in 2026: composition small interfaces error values and sharing by communicating.,backend,frontend,0.9347284324096089,-0.548543223954306,1.483271656363915,27,269,46,backend,1.483271656363915,27,True,True,0.0,0
245,backend,backend,Mayúsculas,effective go in 2026: the idioms that still decide good go code effective go in 2026: the idioms that still decide good go code the effective go idioms that still separate good go from bad in 2026: composition small interfaces error values and sharing by communicating.,EFFECTIVE GO IN 2026: THE IDIOMS THAT STILL DECIDE GOOD GO CODE EFFECTIVE GO IN 2026: THE IDIOMS THAT STILL DECIDE GOOD GO CODE THE EFFECTIVE GO IDIOMS THAT STILL SEPARATE GOOD GO FROM BAD IN 2026: COMPOSITION SMALL INTERFACES ERROR VALUES AND SHARING BY COMMUNICATING.,cloud,datascience,0.4864148783671295,-0.26597776890918956,0.752392647276319,1,269,46,backend,1.483271656363915,27,False,False,-0.730879009087596,-26
245,backend,backend,Sin puntuación,effective go in 2026: the idioms that still decide good go code effective go in 2026: the idioms that still decide good go code the effective go idioms that still separate good go from bad in 2026: composition small interfaces error values and sharing by communicating.,effective go in 2026 the idioms that still decide good go code effective go in 2026 the idioms that still decide good go code the effective go idioms that still separate good go from bad in 2026 composition small interfaces error values and sharing by communicating,backend,frontend,0.9347284324096089,-0.548543223954306,1.483271656363915,27,265,46,backend,1.483271656363915,27,True,True,0.0,0
245,backend,backend,Espacios irregulares,effective go in 2026: the idioms that still decide good go code effective go in 2026: the idioms that still decide good go code the effective go idioms that still separate good go from bad in 2026: composition small interfaces error values and sharing by communicating.,effective   go   in   2026:   the   idioms   that   still   decide   good   go   code   effective   go   in   2026:   the   idioms   that   still   decide   good   go   code   the   effective   go   idioms   that   still   separate   good   go   from   bad   in   2026:   composition   small   interfaces   error   values   and   sharing   by   communicating.,backend,frontend,0.9347284324096089,-0.548543223954306,1.483271656363915,27,359,46,backend,1.483271656363915,27,True,True,0.0,0
245,backend,backend,Errores tipográficos,effective go in 2026: the idioms that still decide good go code effective go in 2026: the idioms that still decide good go code the effective go idioms that still separate good go from bad in 2026: composition small interfaces error values and sharing by communicating.,effective go in 2026: the idoims that still decide good go code efefctive go in 2026: the idioms that still deicde good go code the effective go idoims that still separate good go from bad in 2026: copmosition small interfaces error vaules and sharing by communicating.,backend,frontend,0.9078124790237844,-0.5546419797711731,1.4624544587949575,25,269,46,backend,1.483271656363915,27,True,True,-0.0208171975689575,-2
245,backend,backend,Texto truncado,effective go in 2026: the idioms that still decide good go code effective go in 2026: the idioms that still decide good go code the effective go idioms that still separate good go from bad in 2026: composition small interfaces error values and sharing by communicating.,effective go in 2026: the idioms that still decide good go code effective go in 2026: the idioms that still decide good go,backend,cloud,1.2254106113945165,-1.1809943884709735,2.40640499986549,13,122,23,backend,1.483271656363915,27,True,True,0.9231333435015752,-14
245,backend,backend,Ruido web,effective go in 2026: the idioms that still decide good go code effective go in 2026: the idioms that still decide good go code the effective go idioms that still separate good go from bad in 2026: composition small interfaces error values and sharing by communicating.,effective go in 2026: the idioms that still decide good go code effective go in 2026: the idioms that still decide good go code the effective go idioms that still separate good go from bad in 2026: composition small interfaces error values and sharing by communicating. https://example.com #tech 🚀,backend,frontend,1.12632124842815,-0.573308628119991,1.699629876548141,29,297,49,backend,1.483271656363915,27,True,True,0.216358220184226,2
505,backend,backend,Original,from crawler chaos to official api: how we rebuilt our cross-border e-commerce backend from crawler chaos to official api: how we rebuilt our cross-border e-commerce backend three years ago i took over the backend of a cross-border proxy purchasing saas called taocarts and. taocarts three years ago taocarts three years ago,from crawler chaos to official api: how we rebuilt our cross-border e-commerce backend from crawler chaos to official api: how we rebuilt our cross-border e-commerce backend three years ago i took over the backend of a cross-border proxy purchasing saas called taocarts and. taocarts three years ago taocarts three years ago,backend,frontend,0.7801779317078786,-1.090083571616819,1.8702615033246976,36,324,51,backend,1.8702615033246976,36,True,True,0.0,0
505,backend,backend,Minúsculas,from crawler chaos to official api: how we rebuilt our cross-border e-commerce backend from crawler chaos to official api: how we rebuilt our cross-border e-commerce backend three years ago i took over the backend of a cross-border proxy purchasing saas called taocarts and. taocarts three years ago taocarts three years ago,from crawler chaos to official api: how we rebuilt our cross-border e-commerce backend from crawler chaos to official api: how we rebuilt our cross-border e-commerce backend three years ago i took over the backend of a cross-border proxy purchasing saas called taocarts and. taocarts three years ago taocarts three years ago,backend,frontend,0.7801779317078786,-1.090083571616819,1.8702615033246976,36,324,51,backend,1.8702615033246976,36,True,True,0.0,0
505,backend,backend,Mayúsculas,from crawler chaos to official api: how we rebuilt our cross-border e-commerce backend from crawler chaos to official api: how we rebuilt our cross-border e-commerce backend three years ago i took over the backend of a cross-border proxy purchasing saas called taocarts and. taocarts three years ago taocarts three years ago,FROM CRAWLER CHAOS TO OFFICIAL API: HOW WE REBUILT OUR CROSS-BORDER E-COMMERCE BACKEND FROM CRAWLER CHAOS TO OFFICIAL API: HOW WE REBUILT OUR CROSS-BORDER E-COMMERCE BACKEND THREE YEARS AGO I TOOK OVER THE BACKEND OF A CROSS-BORDER PROXY PURCHASING SAAS CALLED TAOCARTS AND. TAOCARTS THREE YEARS AGO TAOCARTS THREE YEARS AGO,frontend,cloud,-0.4451063611691545,-0.7587329513838929,0.3136265902147384,0,324,51,backend,1.8702615033246976,36,False,False,-1.5566349131099593,-36
505,backend,backend,Sin puntuación,from crawler chaos to official api: how we rebuilt our cross-border e-commerce backend from crawler chaos to official api: how we rebuilt our cross-border e-commerce backend three years ago i took over the backend of a cross-border proxy purchasing saas called taocarts and. taocarts three years ago taocarts three years ago,from crawler chaos to official api how we rebuilt our cross border e commerce backend from crawler chaos to official api how we rebuilt our cross border e commerce backend three years ago i took over the backend of a cross border proxy purchasing saas called taocarts and taocarts three years ago taocarts three years ago,backend,frontend,0.5607377019148884,-1.1336242033227453,1.6943619052376335,38,321,56,backend,1.8702615033246976,36,True,True,-0.17589959808706412,2
505,backend,backend,Espacios irregulares,from crawler chaos to official api: how we rebuilt our cross-border e-commerce backend from crawler chaos to official api: how we rebuilt our cross-border e-commerce backend three years ago i took over the backend of a cross-border proxy purchasing saas called taocarts and. taocarts three years ago taocarts three years ago,from   crawler   chaos   to   official   api:   how   we   rebuilt   our   cross-border   e-commerce   backend   from   crawler   chaos   to   official   api:   how   we   rebuilt   our   cross-border   e-commerce   backend   three   years   ago   i   took   over   the   backend   of   a   cross-border   proxy   purchasing   saas   called   taocarts   and.   taocarts   three   years   ago   taocarts   three   years   ago,backend,frontend,0.7801779317078786,-1.090083571616819,1.8702615033246976,36,424,51,backend,1.8702615033246976,36,True,True,0.0,0
505,backend,backend,Errores tipográficos,from crawler chaos to official api: how we rebuilt our cross-border e-commerce backend from crawler chaos to official api: how we rebuilt our cross-border e-commerce backend three years ago i took over the backend of a cross-border proxy purchasing saas called taocarts and. taocarts three years ago taocarts three years ago,from crawler chaos to ofifcial api: how we rebuilt our crsos-border e-commerce bakcend from crawler chaos to ofifcial api: how we rebuilt our crsos-border e-commerce bakcend three years ago i took over the backend of a crsos-border proxy purchasing saas called taocarts and. tacoarts three years ago taocarts three years ago,backend,datascience,0.23647218090161515,-0.9510547780031139,1.187526958904729,34,324,51,backend,1.8702615033246976,36,True,True,-0.6827345444199686,-2
505,backend,backend,Texto truncado,from crawler chaos to official api: how we rebuilt our cross-border e-commerce backend from crawler chaos to official api: how we rebuilt our cross-border e-commerce backend three years ago i took over the backend of a cross-border proxy purchasing saas called taocarts and. taocarts three years ago taocarts three years ago,from crawler chaos to official api: how we rebuilt our cross-border e-commerce backend from crawler chaos to official api: how we rebuilt our cross-border e-commerce,backend,frontend,0.23050304983228853,-0.8009071931481134,1.031410242980402,16,165,25,backend,1.8702615033246976,36,True,True,-0.8388512603442957,-20
505,backend,backend,Ruido web,from crawler chaos to official api: how we rebuilt our cross-border e-commerce backend from crawler chaos to official api: how we rebuilt our cross-border e-commerce backend three years ago i took over the backend of a cross-border proxy purchasing saas called taocarts and. taocarts three years ago taocarts three years ago,from crawler chaos to official api: how we rebuilt our cross-border e-commerce backend from crawler chaos to official api: how we rebuilt our cross-border e-commerce backend three years ago i took over the backend of a cross-border proxy purchasing saas called taocarts and. taocarts three years ago taocarts three years ago https://example.com #tech 🚀,backend,frontend,0.9409197382361761,-1.1017083491153827,2.042628087351559,38,352,54,backend,1.8702615033246976,36,True,True,0.17236658402686134,2
200,backend,backend,Original,from rate card to database: engineering ups shipping rates into a multi-carrier logistics platform published: false from rate card to database: engineering ups shipping rates into a multi-carrier logistics platform published: false how i modeled a static shipping rate card into a queryable database caught schema design mistakes early and reduced 400+ database calls down to 4.,from rate card to database: engineering ups shipping rates into a multi-carrier logistics platform published: false from rate card to database: engineering ups shipping rates into a multi-carrier logistics platform published: false how i modeled a static shipping rate card into a queryable database caught schema design mistakes early and reduced 400+ database calls down to 4.,backend,datascience,0.24933450504322885,-0.7613804525502059,1.0107149575934349,34,378,57,backend,1.0107149575934349,34,True,True,0.0,0
200,backend,backend,Minúsculas,from rate card to database: engineering ups shipping rates into a multi-carrier logistics platform published: false from rate card to database: engineering ups shipping rates into a multi-carrier logistics platform published: false how i modeled a static shipping rate card into a queryable database caught schema design mistakes early and reduced 400+ database calls down to 4.,from rate card to database: engineering ups shipping rates into a multi-carrier logistics platform published: false from rate card to database: engineering ups shipping rates into a multi-carrier logistics platform published: false how i modeled a static shipping rate card into a queryable database caught schema design mistakes early and reduced 400+ database calls down to 4.,backend,datascience,0.24933450504322885,-0.7613804525502059,1.0107149575934349,34,378,57,backend,1.0107149575934349,34,True,True,0.0,0
200,backend,backend,Mayúsculas,from rate card to database: engineering ups shipping rates into a multi-carrier logistics platform published: false from rate card to database: engineering ups shipping rates into a multi-carrier logistics platform published: false how i modeled a static shipping rate card into a queryable database caught schema design mistakes early and reduced 400+ database calls down to 4.,FROM RATE CARD TO DATABASE: ENGINEERING UPS SHIPPING RATES INTO A MULTI-CARRIER LOGISTICS PLATFORM PUBLISHED: FALSE FROM RATE CARD TO DATABASE: ENGINEERING UPS SHIPPING RATES INTO A MULTI-CARRIER LOGISTICS PLATFORM PUBLISHED: FALSE HOW I MODELED A STATIC SHIPPING RATE CARD INTO A QUERYABLE DATABASE CAUGHT SCHEMA DESIGN MISTAKES EARLY AND REDUCED 400+ DATABASE CALLS DOWN TO 4.,backend,frontend,0.0006963748487923693,-0.755171084646255,0.7558674594950474,2,378,57,backend,1.0107149575934349,34,True,True,-0.25484749809838747,-32
200,backend,backend,Sin puntuación,from rate card to database: engineering ups shipping rates into a multi-carrier logistics platform published: false from rate card to database: engineering ups shipping rates into a multi-carrier logistics platform published: false how i modeled a static shipping rate card into a queryable database caught schema design mistakes early and reduced 400+ database calls down to 4.,from rate card to database engineering ups shipping rates into a multi carrier logistics platform published false from rate card to database engineering ups shipping rates into a multi carrier logistics platform published false how i modeled a static shipping rate card into a queryable database caught schema design mistakes early and reduced 400 database calls down to 4,backend,datascience,0.1861267312828283,-0.7959458014733576,0.9820725327561859,36,372,59,backend,1.0107149575934349,34,True,True,-0.028642424837248992,2
200,backend,backend,Espacios irregulares,from rate card to database: engineering ups shipping rates into a multi-carrier logistics platform published: false from rate card to database: engineering ups shipping rates into a multi-carrier logistics platform published: false how i modeled a static shipping rate card into a queryable database caught schema design mistakes early and reduced 400+ database calls down to 4.,from   rate   card   to   database:   engineering   ups   shipping   rates   into   a   multi-carrier   logistics   platform   published:   false   from   rate   card   to   database:   engineering   ups   shipping   rates   into   a   multi-carrier   logistics   platform   published:   false   how   i   modeled   a   static   shipping   rate   card   into   a   queryable   database   caught   schema   design   mistakes   early   and   reduced   400+   database   calls   down   to   4.,backend,datascience,0.24933450504322885,-0.7613804525502059,1.0107149575934349,34,490,57,backend,1.0107149575934349,34,True,True,0.0,0
200,backend,backend,Errores tipográficos,from rate card to database: engineering ups shipping rates into a multi-carrier logistics platform published: false from rate card to database: engineering ups shipping rates into a multi-carrier logistics platform published: false how i modeled a static shipping rate card into a queryable database caught schema design mistakes early and reduced 400+ database calls down to 4.,from rate card to database: enigneering ups shipping rates into a mutli-carrier logistics pltaform published: false from rate card to daatbase: engineering ups shpiping rates into a multi-carrier loigstics platform pulbished: false how i modeled a sttaic shipping rate card into a qureyable database caguht schema deisgn mistakes early and reudced 400+ database calls down to 4.,backend,datascience,0.31929430749796717,-0.43459282790948445,0.7538871354074517,27,378,57,backend,1.0107149575934349,34,True,True,-0.2568278221859832,-7
200,backend,backend,Texto truncado,from rate card to database: engineering ups shipping rates into a multi-carrier logistics platform published: false from rate card to database: engineering ups shipping rates into a multi-carrier logistics platform published: false how i modeled a static shipping rate card into a queryable database caught schema design mistakes early and reduced 400+ database calls down to 4.,from rate card to database: engineering ups shipping rates into a multi-carrier logistics platform published: false from rate card to database: engineering ups shipping rates into a multi-carrier,backend,cloud,-0.4292843481774969,-0.4801480560468961,0.0508637078693992,17,195,28,backend,1.0107149575934349,34,True,True,-0.9598512497240357,-17
200,backend,backend,Ruido web,from rate card to database: engineering ups shipping rates into a multi-carrier logistics platform published: false from rate card to database: engineering ups shipping rates into a multi-carrier logistics platform published: false how i modeled a static shipping rate card into a queryable database caught schema design mistakes early and reduced 400+ database calls down to 4.,from rate card to database: engineering ups shipping rates into a multi-carrier logistics platform published: false from rate card to database: engineering ups shipping rates into a multi-carrier logistics platform published: false how i modeled a static shipping rate card into a queryable database caught schema design mistakes early and reduced 400+ database calls down to 4. https://example.com #tech 🚀,backend,datascience,0.43234876684321855,-0.8403844692388025,1.2727332360820212,36,406,60,backend,1.0107149575934349,34,True,True,0.2620182784885863,2
557,backend,backend,Original,o bug de 16 minutos: quando dado faltando é uma corrida contra o relógio o bug de 16 minutos: quando dado faltando é uma corrida contra o relógio seu sistema está perdendo dados um cliente abriu o chamado convicto. o relatório de.,o bug de 16 minutos: quando dado faltando é uma corrida contra o relógio o bug de 16 minutos: quando dado faltando é uma corrida contra o relógio seu sistema está perdendo dados um cliente abriu o chamado convicto. o relatório de.,backend,datascience,0.4932823816097681,-0.9340098564496533,1.4272922380594215,12,230,42,backend,1.4272922380594215,12,True,True,0.0,0
557,backend,backend,Minúsculas,o bug de 16 minutos: quando dado faltando é uma corrida contra o relógio o bug de 16 minutos: quando dado faltando é uma corrida contra o relógio seu sistema está perdendo dados um cliente abriu o chamado convicto. o relatório de.,o bug de 16 minutos: quando dado faltando é uma corrida contra o relógio o bug de 16 minutos: quando dado faltando é uma corrida contra o relógio seu sistema está perdendo dados um cliente abriu o chamado convicto. o relatório de.,backend,datascience,0.4932823816097681,-0.9340098564496533,1.4272922380594215,12,230,42,backend,1.4272922380594215,12,True,True,0.0,0
557,backend,backend,Mayúsculas,o bug de 16 minutos: quando dado faltando é uma corrida contra o relógio o bug de 16 minutos: quando dado faltando é uma corrida contra o relógio seu sistema está perdendo dados um cliente abriu o chamado convicto. o relatório de.,O BUG DE 16 MINUTOS: QUANDO DADO FALTANDO É UMA CORRIDA CONTRA O RELÓGIO O BUG DE 16 MINUTOS: QUANDO DADO FALTANDO É UMA CORRIDA CONTRA O RELÓGIO SEU SISTEMA ESTÁ PERDENDO DADOS UM CLIENTE ABRIU O CHAMADO CONVICTO. O RELATÓRIO DE.,backend,frontend,-0.2897254717957953,-0.5118734664968108,0.22214799470101548,1,230,42,backend,1.4272922380594215,12,True,True,-1.205144243358406,-11
557,backend,backend,Sin puntuación,o bug de 16 minutos: quando dado faltando é uma corrida contra o relógio o bug de 16 minutos: quando dado faltando é uma corrida contra o relógio seu sistema está perdendo dados um cliente abriu o chamado convicto. o relatório de.,o bug de 16 minutos quando dado faltando é uma corrida contra o relógio o bug de 16 minutos quando dado faltando é uma corrida contra o relógio seu sistema está perdendo dados um cliente abriu o chamado convicto o relatório de,backend,datascience,0.4932823816097681,-0.9340098564496533,1.4272922380594215,12,226,42,backend,1.4272922380594215,12,True,True,0.0,0
557,backend,backend,Espacios irregulares,o bug de 16 minutos: quando dado faltando é uma corrida contra o relógio o bug de 16 minutos: quando dado faltando é uma corrida contra o relógio seu sistema está perdendo dados um cliente abriu o chamado convicto. o relatório de.,o   bug   de   16   minutos:   quando   dado   faltando   é   uma   corrida   contra   o   relógio   o   bug   de   16   minutos:   quando   dado   faltando   é   uma   corrida   contra   o   relógio   seu   sistema   está   perdendo   dados   um   cliente   abriu   o   chamado   convicto.   o   relatório   de.,backend,datascience,0.4932823816097681,-0.9340098564496533,1.4272922380594215,12,312,42,backend,1.4272922380594215,12,True,True,0.0,0
557,backend,backend,Errores tipográficos,o bug de 16 minutos: quando dado faltando é uma corrida contra o relógio o bug de 16 minutos: quando dado faltando é uma corrida contra o relógio seu sistema está perdendo dados um cliente abriu o chamado convicto. o relatório de.,o bug de 16 minutos: qunado dado faltando é uma corrida contra o reólgio o bug de 16 minutos: qunado dado faltando é uma corrida contra o reólgio seu sistema está pedrendo dados um cliente abriu o chmaado convicto. o realtório de.,backend,datascience,0.5279798968808892,-0.9987473601758932,1.5267272570567822,11,230,42,backend,1.4272922380594215,12,True,True,0.09943501899736074,-1
557,backend,backend,Texto truncado,o bug de 16 minutos: quando dado faltando é uma corrida contra o relógio o bug de 16 minutos: quando dado faltando é uma corrida contra o relógio seu sistema está perdendo dados um cliente abriu o chamado convicto. o relatório de.,o bug de 16 minutos: quando dado faltando é uma corrida contra o relógio o bug de 16 minutos: quando dado,backend,cloud,0.5673105262819368,-0.8869707176986108,1.4542812439805477,8,105,21,backend,1.4272922380594215,12,True,True,0.026989005921126186,-4
557,backend,backend,Ruido web,o bug de 16 minutos: quando dado faltando é uma corrida contra o relógio o bug de 16 minutos: quando dado faltando é uma corrida contra o relógio seu sistema está perdendo dados um cliente abriu o chamado convicto. o relatório de.,o bug de 16 minutos: quando dado faltando é uma corrida contra o relógio o bug de 16 minutos: quando dado faltando é uma corrida contra o relógio seu sistema está perdendo dados um cliente abriu o chamado convicto. o relatório de. https://example.com #tech 🚀,backend,cloud,0.7229143491928248,-1.0151296847243507,1.7380440339171757,14,258,45,backend,1.4272922380594215,12,True,True,0.31075179585775414,2
29,backend,backend,Original,designing a multi-tenant video platform schema in postgresql with rls designing a multi-tenant video platform schema in postgresql with rls how we model tenants videos and analytics in postgresql with row-level security transaction-scope postgresql postgresql,designing a multi-tenant video platform schema in postgresql with rls designing a multi-tenant video platform schema in postgresql with rls how we model tenants videos and analytics in postgresql with row-level security transaction-scope postgresql postgresql,backend,cloud,0.4065432872549525,-0.6416884029913386,1.0482316902462911,23,259,35,backend,1.0482316902462911,23,True,True,0.0,0
29,backend,backend,Minúsculas,designing a multi-tenant video platform schema in postgresql with rls designing a multi-tenant video platform schema in postgresql with rls how we model tenants videos and analytics in postgresql with row-level security transaction-scope postgresql postgresql,designing a multi-tenant video platform schema in postgresql with rls designing a multi-tenant video platform schema in postgresql with rls how we model tenants videos and analytics in postgresql with row-level security transaction-scope postgresql postgresql,backend,cloud,0.4065432872549525,-0.6416884029913386,1.0482316902462911,23,259,35,backend,1.0482316902462911,23,True,True,0.0,0
29,backend,backend,Mayúsculas,designing a multi-tenant video platform schema in postgresql with rls designing a multi-tenant video platform schema in postgresql with rls how we model tenants videos and analytics in postgresql with row-level security transaction-scope postgresql postgresql,DESIGNING A MULTI-TENANT VIDEO PLATFORM SCHEMA IN POSTGRESQL WITH RLS DESIGNING A MULTI-TENANT VIDEO PLATFORM SCHEMA IN POSTGRESQL WITH RLS HOW WE MODEL TENANTS VIDEOS AND ANALYTICS IN POSTGRESQL WITH ROW-LEVEL SECURITY TRANSACTION-SCOPE POSTGRESQL POSTGRESQL,frontend,cloud,-0.4451063611691545,-0.7587329513838929,0.3136265902147384,0,259,35,backend,1.0482316902462911,23,False,False,-0.7346051000315528,-23
29,backend,backend,Sin puntuación,designing a multi-tenant video platform schema in postgresql with rls designing a multi-tenant video platform schema in postgresql with rls how we model tenants videos and analytics in postgresql with row-level security transaction-scope postgresql postgresql,designing a multi tenant video platform schema in postgresql with rls designing a multi tenant video platform schema in postgresql with rls how we model tenants videos and analytics in postgresql with row level security transaction scope postgresql postgresql,backend,datascience,0.42836929598197726,-0.964545789684301,1.3929150856662784,30,259,39,backend,1.0482316902462911,23,True,True,0.34468339541998727,7
29,backend,backend,Espacios irregulares,designing a multi-tenant video platform schema in postgresql with rls designing a multi-tenant video platform schema in postgresql with rls how we model tenants videos and analytics in postgresql with row-level security transaction-scope postgresql postgresql,designing   a   multi-tenant   video   platform   schema   in   postgresql   with   rls   designing   a   multi-tenant   video   platform   schema   in   postgresql   with   rls   how   we   model   tenants   videos   and   analytics   in   postgresql   with   row-level   security   transaction-scope   postgresql   postgresql,backend,cloud,0.4065432872549525,-0.6416884029913386,1.0482316902462911,23,327,35,backend,1.0482316902462911,23,True,True,0.0,0
29,backend,backend,Errores tipográficos,designing a multi-tenant video platform schema in postgresql with rls designing a multi-tenant video platform schema in postgresql with rls how we model tenants videos and analytics in postgresql with row-level security transaction-scope postgresql postgresql,designing a mutli-tenant video platform scehma in postgresql with rls deisgning a multi-tenant video pltaform schema in potsgresql with rls how we model tenants viedos and analytics in potsgresql with row-level seucrity transaction-scope potsgresql postgresql,backend,cloud,0.6256630296757236,-0.9383848890055487,1.5640479186812724,20,259,35,backend,1.0482316902462911,23,True,True,0.5158162284349812,-3
29,backend,backend,Texto truncado,designing a multi-tenant video platform schema in postgresql with rls designing a multi-tenant video platform schema in postgresql with rls how we model tenants videos and analytics in postgresql with row-level security transaction-scope postgresql postgresql,designing a multi-tenant video platform schema in postgresql with rls designing a multi-tenant video platform schema in,backend,cloud,0.4025279098719562,-0.8728578788666477,1.2753857887386038,14,119,17,backend,1.0482316902462911,23,True,True,0.2271540984923126,-9
29,backend,backend,Ruido web,designing a multi-tenant video platform schema in postgresql with rls designing a multi-tenant video platform schema in postgresql with rls how we model tenants videos and analytics in postgresql with row-level security transaction-scope postgresql postgresql,designing a multi-tenant video platform schema in postgresql with rls designing a multi-tenant video platform schema in postgresql with rls how we model tenants videos and analytics in postgresql with row-level security transaction-scope postgresql postgresql https://example.com #tech 🚀,backend,cloud,0.6027875548868941,-0.70745468653892,1.3102422414258141,25,287,38,backend,1.0482316902462911,23,True,True,0.262010551179523,2
659,backend,backend,Original,postman explained: how to use it set up environments and structure a real project postman explained: how to use it set up environments and structure a real project if you ve ever tested an api by pasting a url into your browser and praying it works. we need to. api api,postman explained: how to use it set up environments and structure a real project postman explained: how to use it set up environments and structure a real project if you ve ever tested an api by pasting a url into your browser and praying it works. we need to. api api,backend,frontend,-0.3415868860913621,-0.34558169996475274,0.0039948138733906235,48,269,51,backend,0.0039948138733906235,48,True,True,0.0,0
659,backend,backend,Minúsculas,postman explained: how to use it set up environments and structure a real project postman explained: how to use it set up environments and structure a real project if you ve ever tested an api by pasting a url into your browser and praying it works. we need to. api api,postman explained: how to use it set up environments and structure a real project postman explained: how to use it set up environments and structure a real project if you ve ever tested an api by pasting a url into your browser and praying it works. we need to. api api,backend,frontend,-0.3415868860913621,-0.34558169996475274,0.0039948138733906235,48,269,51,backend,0.0039948138733906235,48,True,True,0.0,0
659,backend,backend,Mayúsculas,postman explained: how to use it set up environments and structure a real project postman explained: how to use it set up environments and structure a real project if you ve ever tested an api by pasting a url into your browser and praying it works. we need to. api api,POSTMAN EXPLAINED: HOW TO USE IT SET UP ENVIRONMENTS AND STRUCTURE A REAL PROJECT POSTMAN EXPLAINED: HOW TO USE IT SET UP ENVIRONMENTS AND STRUCTURE A REAL PROJECT IF YOU VE EVER TESTED AN API BY PASTING A URL INTO YOUR BROWSER AND PRAYING IT WORKS. WE NEED TO. API API,frontend,cloud,-0.4451063611691545,-0.7587329513838929,0.3136265902147384,0,269,51,backend,0.0039948138733906235,48,False,False,0.30963177634134775,-48
659,backend,backend,Sin puntuación,postman explained: how to use it set up environments and structure a real project postman explained: how to use it set up environments and structure a real project if you ve ever tested an api by pasting a url into your browser and praying it works. we need to. api api,postman explained how to use it set up environments and structure a real project postman explained how to use it set up environments and structure a real project if you ve ever tested an api by pasting a url into your browser and praying it works we need to api api,backend,frontend,-0.3415868860913621,-0.34558169996475274,0.0039948138733906235,48,265,51,backend,0.0039948138733906235,48,True,True,0.0,0
659,backend,backend,Espacios irregulares,postman explained: how to use it set up environments and structure a real project postman explained: how to use it set up environments and structure a real project if you ve ever tested an api by pasting a url into your browser and praying it works. we need to. api api,postman   explained:   how   to   use   it   set   up   environments   and   structure   a   real   project   postman   explained:   how   to   use   it   set   up   environments   and   structure   a   real   project   if   you   ve   ever   tested   an   api   by   pasting   a   url   into   your   browser   and   praying   it   works.   we   need   to.   api   api,backend,frontend,-0.3415868860913621,-0.34558169996475274,0.0039948138733906235,48,369,51,backend,0.0039948138733906235,48,True,True,0.0,0
659,backend,backend,Errores tipográficos,postman explained: how to use it set up environments and structure a real project postman explained: how to use it set up environments and structure a real project if you ve ever tested an api by pasting a url into your browser and praying it works. we need to. api api,postman exlpained: how to use it set up environments and sturcture a real project potsman explained: how to use it set up enivronments and structure a real prjoect if you ve ever tested an api by patsing a url into your browser and pryaing it works. we need to. api api,frontend,backend,-0.29724070407687475,-0.365156915869215,0.06791621179234025,48,269,51,backend,0.0039948138733906235,48,False,False,0.06392139791894963,0
659,backend,backend,Texto truncado,postman explained: how to use it set up environments and structure a real project postman explained: how to use it set up environments and structure a real project if you ve ever tested an api by pasting a url into your browser and praying it works. we need to. api api,postman explained: how to use it set up environments and structure a real project postman explained: how to use it set up environments and structure,frontend,backend,-0.056514943963939634,-0.44059776953931323,0.3840828255753736,21,148,25,backend,0.0039948138733906235,48,False,False,0.380088011701983,-27
659,backend,backend,Ruido web,postman explained: how to use it set up environments and structure a real project postman explained: how to use it set up environments and structure a real project if you ve ever tested an api by pasting a url into your browser and praying it works. we need to. api api,postman explained: how to use it set up environments and structure a real project postman explained: how to use it set up environments and structure a real project if you ve ever tested an api by pasting a url into your browser and praying it works. we need to. api api https://example.com #tech 🚀,backend,frontend,-0.15191790003910288,-0.3703647195915862,0.2184468195524833,50,297,54,backend,0.0039948138733906235,48,True,True,0.21445200567909267,2
384,backend,backend,Original,a weekly cron died silently for 10 weeks. here is what we changed. a weekly cron died silently for 10 weeks. here is what we changed. the bug nobody saw for roughly 10 weeks a scheduled publishing job produced zero output. roughly 10 weeks zero roughly 10 weeks zero,a weekly cron died silently for 10 weeks. here is what we changed. a weekly cron died silently for 10 weeks. here is what we changed. the bug nobody saw for roughly 10 weeks a scheduled publishing job produced zero output. roughly 10 weeks zero roughly 10 weeks zero,backend,datascience,0.06024511627310103,-0.8932789015511884,0.9535240178242894,31,266,49,backend,0.9535240178242894,31,True,True,0.0,0
384,backend,backend,Minúsculas,a weekly cron died silently for 10 weeks. here is what we changed. a weekly cron died silently for 10 weeks. here is what we changed. the bug nobody saw for roughly 10 weeks a scheduled publishing job produced zero output. roughly 10 weeks zero roughly 10 weeks zero,a weekly cron died silently for 10 weeks. here is what we changed. a weekly cron died silently for 10 weeks. here is what we changed. the bug nobody saw for roughly 10 weeks a scheduled publishing job produced zero output. roughly 10 weeks zero roughly 10 weeks zero,backend,datascience,0.06024511627310103,-0.8932789015511884,0.9535240178242894,31,266,49,backend,0.9535240178242894,31,True,True,0.0,0
384,backend,backend,Mayúsculas,a weekly cron died silently for 10 weeks. here is what we changed. a weekly cron died silently for 10 weeks. here is what we changed. the bug nobody saw for roughly 10 weeks a scheduled publishing job produced zero output. roughly 10 weeks zero roughly 10 weeks zero,A WEEKLY CRON DIED SILENTLY FOR 10 WEEKS. HERE IS WHAT WE CHANGED. A WEEKLY CRON DIED SILENTLY FOR 10 WEEKS. HERE IS WHAT WE CHANGED. THE BUG NOBODY SAW FOR ROUGHLY 10 WEEKS A SCHEDULED PUBLISHING JOB PRODUCED ZERO OUTPUT. ROUGHLY 10 WEEKS ZERO ROUGHLY 10 WEEKS ZERO,cloud,datascience,-0.3793523405037838,-0.48074743905869954,0.10139509855491574,1,266,49,backend,0.9535240178242894,31,False,False,-0.8521289192693737,-30
384,backend,backend,Sin puntuación,a weekly cron died silently for 10 weeks. here is what we changed. a weekly cron died silently for 10 weeks. here is what we changed. the bug nobody saw for roughly 10 weeks a scheduled publishing job produced zero output. roughly 10 weeks zero roughly 10 weeks zero,a weekly cron died silently for 10 weeks here is what we changed a weekly cron died silently for 10 weeks here is what we changed the bug nobody saw for roughly 10 weeks a scheduled publishing job produced zero output roughly 10 weeks zero roughly 10 weeks zero,backend,datascience,0.06024511627310103,-0.8932789015511884,0.9535240178242894,31,261,49,backend,0.9535240178242894,31,True,True,0.0,0
384,backend,backend,Espacios irregulares,a weekly cron died silently for 10 weeks. here is what we changed. a weekly cron died silently for 10 weeks. here is what we changed. the bug nobody saw for roughly 10 weeks a scheduled publishing job produced zero output. roughly 10 weeks zero roughly 10 weeks zero,a   weekly   cron   died   silently   for   10   weeks.   here   is   what   we   changed.   a   weekly   cron   died   silently   for   10   weeks.   here   is   what   we   changed.   the   bug   nobody   saw   for   roughly   10   weeks   a   scheduled   publishing   job   produced   zero   output.   roughly   10   weeks   zero   roughly   10   weeks   zero,backend,datascience,0.06024511627310103,-0.8932789015511884,0.9535240178242894,31,362,49,backend,0.9535240178242894,31,True,True,0.0,0
384,backend,backend,Errores tipográficos,a weekly cron died silently for 10 weeks. here is what we changed. a weekly cron died silently for 10 weeks. here is what we changed. the bug nobody saw for roughly 10 weeks a scheduled publishing job produced zero output. roughly 10 weeks zero roughly 10 weeks zero,a weekly cron died sielntly for 10 weeks. here is what we chnaged. a weekly cron died sielntly for 10 weeks. here is what we chnaged. the bug nobody saw for roguhly 10 weeks a scheduled pulbishing job produced zero ouptut. roughly 10 weeks zero roguhly 10 weeks zero,backend,datascience,0.24277529467365822,-0.8078083309171828,1.050583625590841,26,266,49,backend,0.9535240178242894,31,True,True,0.09705960776655154,-5
384,backend,backend,Texto truncado,a weekly cron died silently for 10 weeks. here is what we changed. a weekly cron died silently for 10 weeks. here is what we changed. the bug nobody saw for roughly 10 weeks a scheduled publishing job produced zero output. roughly 10 weeks zero roughly 10 weeks zero,a weekly cron died silently for 10 weeks. here is what we changed. a weekly cron died silently for 10 weeks. here is what,backend,frontend,-0.30171540487819004,-0.45301502203257066,0.15129961715438062,16,121,24,backend,0.9535240178242894,31,True,True,-0.8022244006699089,-15
384,backend,backend,Ruido web,a weekly cron died silently for 10 weeks. here is what we changed. a weekly cron died silently for 10 weeks. here is what we changed. the bug nobody saw for roughly 10 weeks a scheduled publishing job produced zero output. roughly 10 weeks zero roughly 10 weeks zero,a weekly cron died silently for 10 weeks. here is what we changed. a weekly cron died silently for 10 weeks. here is what we changed. the bug nobody saw for roughly 10 weeks a scheduled publishing job produced zero output. roughly 10 weeks zero roughly 10 weeks zero https://example.com #tech 🚀,backend,frontend,0.24317269198904545,-0.9469490440353482,1.1901217360243936,33,294,52,backend,0.9535240178242894,31,True,True,0.23659771820010422,2
648,cloud,cloud,Original,10 tough aws saa-c03 practice questions scenario-based 2026 10 tough aws saa-c03 practice questions scenario-based 2026 the aws certified solutions architect associate saa-c03 exam isn t a vocabulary test it s. saa-c03 the aws certified solutions architect – associate saa-c03 the aws certified solutions architect – associate,10 tough aws saa-c03 practice questions scenario-based 2026 10 tough aws saa-c03 practice questions scenario-based 2026 the aws certified solutions architect associate saa-c03 exam isn t a vocabulary test it s. saa-c03 the aws certified solutions architect – associate saa-c03 the aws certified solutions architect – associate,cloud,datascience,1.6334965149801581,-1.5002527281242535,3.1337492431044116,31,326,47,cloud,3.1337492431044116,31,True,True,0.0,0
648,cloud,cloud,Minúsculas,10 tough aws saa-c03 practice questions scenario-based 2026 10 tough aws saa-c03 practice questions scenario-based 2026 the aws certified solutions architect associate saa-c03 exam isn t a vocabulary test it s. saa-c03 the aws certified solutions architect – associate saa-c03 the aws certified solutions architect – associate,10 tough aws saa-c03 practice questions scenario-based 2026 10 tough aws saa-c03 practice questions scenario-based 2026 the aws certified solutions architect associate saa-c03 exam isn t a vocabulary test it s. saa-c03 the aws certified solutions architect – associate saa-c03 the aws certified solutions architect – associate,cloud,datascience,1.6334965149801581,-1.5002527281242535,3.1337492431044116,31,326,47,cloud,3.1337492431044116,31,True,True,0.0,0
648,cloud,cloud,Mayúsculas,10 tough aws saa-c03 practice questions scenario-based 2026 10 tough aws saa-c03 practice questions scenario-based 2026 the aws certified solutions architect associate saa-c03 exam isn t a vocabulary test it s. saa-c03 the aws certified solutions architect – associate saa-c03 the aws certified solutions architect – associate,10 TOUGH AWS SAA-C03 PRACTICE QUESTIONS SCENARIO-BASED 2026 10 TOUGH AWS SAA-C03 PRACTICE QUESTIONS SCENARIO-BASED 2026 THE AWS CERTIFIED SOLUTIONS ARCHITECT ASSOCIATE SAA-C03 EXAM ISN T A VOCABULARY TEST IT S. SAA-C03 THE AWS CERTIFIED SOLUTIONS ARCHITECT – ASSOCIATE SAA-C03 THE AWS CERTIFIED SOLUTIONS ARCHITECT – ASSOCIATE,cloud,datascience,-0.19599306015673112,-0.345799636231793,0.14980657607506187,3,326,47,cloud,3.1337492431044116,31,True,True,-2.98394266702935,-28
648,cloud,cloud,Sin puntuación,10 tough aws saa-c03 practice questions scenario-based 2026 10 tough aws saa-c03 practice questions scenario-based 2026 the aws certified solutions architect associate saa-c03 exam isn t a vocabulary test it s. saa-c03 the aws certified solutions architect – associate saa-c03 the aws certified solutions architect – associate,10 tough aws saa c03 practice questions scenario based 2026 10 tough aws saa c03 practice questions scenario based 2026 the aws certified solutions architect associate saa c03 exam isn t a vocabulary test it s saa c03 the aws certified solutions architect associate saa c03 the aws certified solutions architect associate,cloud,datascience,1.525510450266633,-1.4063427356270528,2.9318531858936856,31,321,52,cloud,3.1337492431044116,31,True,True,-0.201896057210726,0
648,cloud,cloud,Espacios irregulares,10 tough aws saa-c03 practice questions scenario-based 2026 10 tough aws saa-c03 practice questions scenario-based 2026 the aws certified solutions architect associate saa-c03 exam isn t a vocabulary test it s. saa-c03 the aws certified solutions architect – associate saa-c03 the aws certified solutions architect – associate,10   tough   aws   saa-c03   practice   questions   scenario-based   2026   10   tough   aws   saa-c03   practice   questions   scenario-based   2026   the   aws   certified   solutions   architect   associate   saa-c03   exam   isn   t   a   vocabulary   test   it   s.   saa-c03   the   aws   certified   solutions   architect   –   associate   saa-c03   the   aws   certified   solutions   architect   –   associate,cloud,datascience,1.6334965149801581,-1.5002527281242535,3.1337492431044116,31,418,47,cloud,3.1337492431044116,31,True,True,0.0,0
648,cloud,cloud,Errores tipográficos,10 tough aws saa-c03 practice questions scenario-based 2026 10 tough aws saa-c03 practice questions scenario-based 2026 the aws certified solutions architect associate saa-c03 exam isn t a vocabulary test it s. saa-c03 the aws certified solutions architect – associate saa-c03 the aws certified solutions architect – associate,10 tough aws saa-c03 prcatice questions scneario-based 2026 10 tough aws saa-c03 prcatice questions scneario-based 2026 the aws certified soultions architect asosciate saa-c03 exam isn t a voacbulary test it s. saa-c03 the aws cetrified solutions arhcitect – associate sa-ac03 the aws certified soultions architect – asosciate,cloud,backend,2.093418351060734,-1.6244938694107303,3.7179122204714643,26,326,47,cloud,3.1337492431044116,31,True,True,0.5841629773670527,-5
648,cloud,cloud,Texto truncado,10 tough aws saa-c03 practice questions scenario-based 2026 10 tough aws saa-c03 practice questions scenario-based 2026 the aws certified solutions architect associate saa-c03 exam isn t a vocabulary test it s. saa-c03 the aws certified solutions architect – associate saa-c03 the aws certified solutions architect – associate,10 tough aws saa-c03 practice questions scenario-based 2026 10 tough aws saa-c03 practice questions scenario-based 2026 the aws certified solutions architect associate saa-c03,cloud,backend,1.4314336917672925,-1.3134229420795023,2.744856633846795,19,175,23,cloud,3.1337492431044116,31,True,True,-0.3888926092576166,-12
648,cloud,cloud,Ruido web,10 tough aws saa-c03 practice questions scenario-based 2026 10 tough aws saa-c03 practice questions scenario-based 2026 the aws certified solutions architect associate saa-c03 exam isn t a vocabulary test it s. saa-c03 the aws certified solutions architect – associate saa-c03 the aws certified solutions architect – associate,10 tough aws saa-c03 practice questions scenario-based 2026 10 tough aws saa-c03 practice questions scenario-based 2026 the aws certified solutions architect associate saa-c03 exam isn t a vocabulary test it s. saa-c03 the aws certified solutions architect – associate saa-c03 the aws certified solutions architect – associate https://example.com #tech 🚀,cloud,backend,1.5534914842421692,-1.3791262956544568,2.932617779896626,33,354,50,cloud,3.1337492431044116,31,True,True,-0.20113146320778563,2
76,cloud,cloud,Original,why implementing cloud computing in healthcare is a game-changing solution why implementing cloud computing in healthcare is a game-changing solution key takeaways cloud computing in healthcare isn t just an it upgrade it s fundamentally.,why implementing cloud computing in healthcare is a game-changing solution why implementing cloud computing in healthcare is a game-changing solution key takeaways cloud computing in healthcare isn t just an it upgrade it s fundamentally.,cloud,datascience,1.5344910365018731,-1.1676818044483523,2.7021728409502255,26,238,35,cloud,2.7021728409502255,26,True,True,0.0,0
76,cloud,cloud,Minúsculas,why implementing cloud computing in healthcare is a game-changing solution why implementing cloud computing in healthcare is a game-changing solution key takeaways cloud computing in healthcare isn t just an it upgrade it s fundamentally.,why implementing cloud computing in healthcare is a game-changing solution why implementing cloud computing in healthcare is a game-changing solution key takeaways cloud computing in healthcare isn t just an it upgrade it s fundamentally.,cloud,datascience,1.5344910365018731,-1.1676818044483523,2.7021728409502255,26,238,35,cloud,2.7021728409502255,26,True,True,0.0,0
76,cloud,cloud,Mayúsculas,why implementing cloud computing in healthcare is a game-changing solution why implementing cloud computing in healthcare is a game-changing solution key takeaways cloud computing in healthcare isn t just an it upgrade it s fundamentally.,WHY IMPLEMENTING CLOUD COMPUTING IN HEALTHCARE IS A GAME-CHANGING SOLUTION WHY IMPLEMENTING CLOUD COMPUTING IN HEALTHCARE IS A GAME-CHANGING SOLUTION KEY TAKEAWAYS CLOUD COMPUTING IN HEALTHCARE ISN T JUST AN IT UPGRADE IT S FUNDAMENTALLY.,frontend,cloud,-0.4451063611691545,-0.7587329513838929,0.3136265902147384,0,238,35,cloud,2.7021728409502255,26,False,False,-2.3885462507354873,-26
76,cloud,cloud,Sin puntuación,why implementing cloud computing in healthcare is a game-changing solution why implementing cloud computing in healthcare is a game-changing solution key takeaways cloud computing in healthcare isn t just an it upgrade it s fundamentally.,why implementing cloud computing in healthcare is a game changing solution why implementing cloud computing in healthcare is a game changing solution key takeaways cloud computing in healthcare isn t just an it upgrade it s fundamentally,cloud,datascience,1.2904852191661726,-0.8067210018512867,2.0972062210174593,29,237,37,cloud,2.7021728409502255,26,True,True,-0.6049666199327661,3
76,cloud,cloud,Espacios irregulares,why implementing cloud computing in healthcare is a game-changing solution why implementing cloud computing in healthcare is a game-changing solution key takeaways cloud computing in healthcare isn t just an it upgrade it s fundamentally.,why   implementing   cloud   computing   in   healthcare   is   a   game-changing   solution   why   implementing   cloud   computing   in   healthcare   is   a   game-changing   solution   key   takeaways   cloud   computing   in   healthcare   isn   t   just   an   it   upgrade   it   s   fundamentally.,cloud,datascience,1.5344910365018731,-1.1676818044483523,2.7021728409502255,26,306,35,cloud,2.7021728409502255,26,True,True,0.0,0
76,cloud,cloud,Errores tipográficos,why implementing cloud computing in healthcare is a game-changing solution why implementing cloud computing in healthcare is a game-changing solution key takeaways cloud computing in healthcare isn t just an it upgrade it s fundamentally.,why implementing cloud copmuting in healthcare is a gaem-changing solution why imlpementing cloud computing in helathcare is a game-changing soultion key takeaways cloud copmuting in healthcare isn t just an it uprgade it s fundamentally.,cloud,datascience,2.086297679993737,-1.260948260568036,3.347245940561773,25,238,35,cloud,2.7021728409502255,26,True,True,0.6450730996115475,-1
76,cloud,cloud,Texto truncado,why implementing cloud computing in healthcare is a game-changing solution why implementing cloud computing in healthcare is a game-changing solution key takeaways cloud computing in healthcare isn t just an it upgrade it s fundamentally.,why implementing cloud computing in healthcare is a game-changing solution why implementing cloud computing in healthcare is,cloud,datascience,1.2324831782991796,-1.0672045182782708,2.2996876965774504,13,124,17,cloud,2.7021728409502255,26,True,True,-0.40248514437277505,-13
76,cloud,cloud,Ruido web,why implementing cloud computing in healthcare is a game-changing solution why implementing cloud computing in healthcare is a game-changing solution key takeaways cloud computing in healthcare isn t just an it upgrade it s fundamentally.,why implementing cloud computing in healthcare is a game-changing solution why implementing cloud computing in healthcare is a game-changing solution key takeaways cloud computing in healthcare isn t just an it upgrade it s fundamentally. https://example.com #tech 🚀,cloud,datascience,1.411287718799425,-1.2494507378662463,2.6607384566656713,28,266,38,cloud,2.7021728409502255,26,True,True,-0.04143438428455415,2
729,cloud,cloud,Original,automated post-deployment verification and safe rollbacks automated post-deployment verification and safe rollbacks implement automated post-deployment verification canaries smoke tests and drift detection to validate every cloud change and enable safe rollbac,automated post-deployment verification and safe rollbacks automated post-deployment verification and safe rollbacks implement automated post-deployment verification canaries smoke tests and drift detection to validate every cloud change and enable safe rollbac,cloud,backend,0.328853415295569,-0.8209044112529552,1.1497578265485242,19,260,31,cloud,1.1497578265485242,19,True,True,0.0,0
729,cloud,cloud,Minúsculas,automated post-deployment verification and safe rollbacks automated post-deployment verification and safe rollbacks implement automated post-deployment verification canaries smoke tests and drift detection to validate every cloud change and enable safe rollbac,automated post-deployment verification and safe rollbacks automated post-deployment verification and safe rollbacks implement automated post-deployment verification canaries smoke tests and drift detection to validate every cloud change and enable safe rollbac,cloud,backend,0.328853415295569,-0.8209044112529552,1.1497578265485242,19,260,31,cloud,1.1497578265485242,19,True,True,0.0,0
729,cloud,cloud,Mayúsculas,automated post-deployment verification and safe rollbacks automated post-deployment verification and safe rollbacks implement automated post-deployment verification canaries smoke tests and drift detection to validate every cloud change and enable safe rollbac,AUTOMATED POST-DEPLOYMENT VERIFICATION AND SAFE ROLLBACKS AUTOMATED POST-DEPLOYMENT VERIFICATION AND SAFE ROLLBACKS IMPLEMENT AUTOMATED POST-DEPLOYMENT VERIFICATION CANARIES SMOKE TESTS AND DRIFT DETECTION TO VALIDATE EVERY CLOUD CHANGE AND ENABLE SAFE ROLLBAC,frontend,cloud,-0.4451063611691545,-0.7587329513838929,0.3136265902147384,0,260,31,cloud,1.1497578265485242,19,False,False,-0.8361312363337858,-19
729,cloud,cloud,Sin puntuación,automated post-deployment verification and safe rollbacks automated post-deployment verification and safe rollbacks implement automated post-deployment verification canaries smoke tests and drift detection to validate every cloud change and enable safe rollbac,automated post deployment verification and safe rollbacks automated post deployment verification and safe rollbacks implement automated post deployment verification canaries smoke tests and drift detection to validate every cloud change and enable safe rollbac,cloud,backend,0.3204184251449015,-0.6507635430535319,0.9711819681984334,21,260,34,cloud,1.1497578265485242,19,True,True,-0.17857585835009082,2
729,cloud,cloud,Espacios irregulares,automated post-deployment verification and safe rollbacks automated post-deployment verification and safe rollbacks implement automated post-deployment verification canaries smoke tests and drift detection to validate every cloud change and enable safe rollbac,automated   post-deployment   verification   and   safe   rollbacks   automated   post-deployment   verification   and   safe   rollbacks   implement   automated   post-deployment   verification   canaries   smoke   tests   and   drift   detection   to   validate   every   cloud   change   and   enable   safe   rollbac,cloud,backend,0.328853415295569,-0.8209044112529552,1.1497578265485242,19,320,31,cloud,1.1497578265485242,19,True,True,0.0,0
729,cloud,cloud,Errores tipográficos,automated post-deployment verification and safe rollbacks automated post-deployment verification and safe rollbacks implement automated post-deployment verification canaries smoke tests and drift detection to validate every cloud change and enable safe rollbac,automated pots-deployment verification and safe rollbacks automated pots-deployment verification and safe rollbacks implement auotmated post-deployment veirfication canaries smoke tests and drift deetction to validate every cloud chnage and enable safe rollbac,cloud,backend,0.39391585422497777,-0.8883044583355602,1.282220312560538,17,260,31,cloud,1.1497578265485242,19,True,True,0.13246248601201382,-2
729,cloud,cloud,Texto truncado,automated post-deployment verification and safe rollbacks automated post-deployment verification and safe rollbacks implement automated post-deployment verification canaries smoke tests and drift detection to validate every cloud change and enable safe rollbac,automated post-deployment verification and safe rollbacks automated post-deployment verification and safe rollbacks implement automated post-deployment,frontend,backend,-0.40877401104902766,-0.45544446917275744,0.046670458123729774,6,151,15,cloud,1.1497578265485242,19,False,False,-1.1030873684247944,-13
729,cloud,cloud,Ruido web,automated post-deployment verification and safe rollbacks automated post-deployment verification and safe rollbacks implement automated post-deployment verification canaries smoke tests and drift detection to validate every cloud change and enable safe rollbac,automated post-deployment verification and safe rollbacks automated post-deployment verification and safe rollbacks implement automated post-deployment verification canaries smoke tests and drift detection to validate every cloud change and enable safe rollbac https://example.com #tech 🚀,cloud,backend,0.2156123295065948,-0.5483540102281752,0.76396633973477,21,288,34,cloud,1.1497578265485242,19,True,True,-0.3857914868137542,2
441,cloud,cloud,Original,secure private file hosting: best solutions for 2025 secure private file hosting: best solutions for 2025 are you looking into secure private file hosting here s a quick overview of what you need to.,secure private file hosting: best solutions for 2025 secure private file hosting: best solutions for 2025 are you looking into secure private file hosting here s a quick overview of what you need to.,cloud,backend,2.409485575736927,-1.6036941333903694,4.0131797091272965,39,199,34,cloud,4.0131797091272965,39,True,True,0.0,0
441,cloud,cloud,Minúsculas,secure private file hosting: best solutions for 2025 secure private file hosting: best solutions for 2025 are you looking into secure private file hosting here s a quick overview of what you need to.,secure private file hosting: best solutions for 2025 secure private file hosting: best solutions for 2025 are you looking into secure private file hosting here s a quick overview of what you need to.,cloud,backend,2.409485575736927,-1.6036941333903694,4.0131797091272965,39,199,34,cloud,4.0131797091272965,39,True,True,0.0,0
441,cloud,cloud,Mayúsculas,secure private file hosting: best solutions for 2025 secure private file hosting: best solutions for 2025 are you looking into secure private file hosting here s a quick overview of what you need to.,SECURE PRIVATE FILE HOSTING: BEST SOLUTIONS FOR 2025 SECURE PRIVATE FILE HOSTING: BEST SOLUTIONS FOR 2025 ARE YOU LOOKING INTO SECURE PRIVATE FILE HOSTING HERE S A QUICK OVERVIEW OF WHAT YOU NEED TO.,cloud,datascience,0.16667469776840804,-0.8228490077415085,0.9895237055099165,1,199,34,cloud,4.0131797091272965,39,True,True,-3.02365600361738,-38
441,cloud,cloud,Sin puntuación,secure private file hosting: best solutions for 2025 secure private file hosting: best solutions for 2025 are you looking into secure private file hosting here s a quick overview of what you need to.,secure private file hosting best solutions for 2025 secure private file hosting best solutions for 2025 are you looking into secure private file hosting here s a quick overview of what you need to,cloud,backend,2.409485575736927,-1.6036941333903694,4.0131797091272965,39,196,34,cloud,4.0131797091272965,39,True,True,0.0,0
441,cloud,cloud,Espacios irregulares,secure private file hosting: best solutions for 2025 secure private file hosting: best solutions for 2025 are you looking into secure private file hosting here s a quick overview of what you need to.,secure   private   file   hosting:   best   solutions   for   2025   secure   private   file   hosting:   best   solutions   for   2025   are   you   looking   into   secure   private   file   hosting   here   s   a   quick   overview   of   what   you   need   to.,cloud,backend,2.409485575736927,-1.6036941333903694,4.0131797091272965,39,265,34,cloud,4.0131797091272965,39,True,True,0.0,0
441,cloud,cloud,Errores tipográficos,secure private file hosting: best solutions for 2025 secure private file hosting: best solutions for 2025 are you looking into secure private file hosting here s a quick overview of what you need to.,secure prviate file hosting: best soultions for 2025 secure prviate file hosting: best soultions for 2025 are you looking into seucre private file hotsing here s a quick overview of what you need to.,cloud,backend,2.4572753390035076,-1.542450486601008,3.9997258256045156,36,199,34,cloud,4.0131797091272965,39,True,True,-0.013453883522780874,-3
441,cloud,cloud,Texto truncado,secure private file hosting: best solutions for 2025 secure private file hosting: best solutions for 2025 are you looking into secure private file hosting here s a quick overview of what you need to.,secure private file hosting: best solutions for 2025 secure private file hosting: best solutions for 2025 are,cloud,backend,1.1014234491503663,-1.2539870701885534,2.3554105193389194,14,109,17,cloud,4.0131797091272965,39,True,True,-1.657769189788377,-25
441,cloud,cloud,Ruido web,secure private file hosting: best solutions for 2025 secure private file hosting: best solutions for 2025 are you looking into secure private file hosting here s a quick overview of what you need to.,secure private file hosting: best solutions for 2025 secure private file hosting: best solutions for 2025 are you looking into secure private file hosting here s a quick overview of what you need to. https://example.com #tech 🚀,cloud,backend,2.2763587763951736,-1.3638678584369106,3.640226634832084,41,227,37,cloud,4.0131797091272965,39,True,True,-0.3729530742952125,2
308,cloud,cloud,Original,your cloud discount may no longer belong to one project your cloud discount may no longer belong to one project google cloud s june 2026 cud scope change shows why saas teams should review commitment sharing attribution and chargeback before buying cloud discounts. june 2026 cud june 2026 cud,your cloud discount may no longer belong to one project your cloud discount may no longer belong to one project google cloud s june 2026 cud scope change shows why saas teams should review commitment sharing attribution and chargeback before buying cloud discounts. june 2026 cud june 2026 cud,cloud,datascience,1.8482874719023892,-1.3668653152365078,3.215152787138897,36,293,49,cloud,3.215152787138897,36,True,True,0.0,0
308,cloud,cloud,Minúsculas,your cloud discount may no longer belong to one project your cloud discount may no longer belong to one project google cloud s june 2026 cud scope change shows why saas teams should review commitment sharing attribution and chargeback before buying cloud discounts. june 2026 cud june 2026 cud,your cloud discount may no longer belong to one project your cloud discount may no longer belong to one project google cloud s june 2026 cud scope change shows why saas teams should review commitment sharing attribution and chargeback before buying cloud discounts. june 2026 cud june 2026 cud,cloud,datascience,1.8482874719023892,-1.3668653152365078,3.215152787138897,36,293,49,cloud,3.215152787138897,36,True,True,0.0,0
308,cloud,cloud,Mayúsculas,your cloud discount may no longer belong to one project your cloud discount may no longer belong to one project google cloud s june 2026 cud scope change shows why saas teams should review commitment sharing attribution and chargeback before buying cloud discounts. june 2026 cud june 2026 cud,YOUR CLOUD DISCOUNT MAY NO LONGER BELONG TO ONE PROJECT YOUR CLOUD DISCOUNT MAY NO LONGER BELONG TO ONE PROJECT GOOGLE CLOUD S JUNE 2026 CUD SCOPE CHANGE SHOWS WHY SAAS TEAMS SHOULD REVIEW COMMITMENT SHARING ATTRIBUTION AND CHARGEBACK BEFORE BUYING CLOUD DISCOUNTS. JUNE 2026 CUD JUNE 2026 CUD,cloud,datascience,0.4864148783671295,-0.26597776890918956,0.752392647276319,1,293,49,cloud,3.215152787138897,36,True,True,-2.462760139862578,-35
308,cloud,cloud,Sin puntuación,your cloud discount may no longer belong to one project your cloud discount may no longer belong to one project google cloud s june 2026 cud scope change shows why saas teams should review commitment sharing attribution and chargeback before buying cloud discounts. june 2026 cud june 2026 cud,your cloud discount may no longer belong to one project your cloud discount may no longer belong to one project google cloud s june 2026 cud scope change shows why saas teams should review commitment sharing attribution and chargeback before buying cloud discounts june 2026 cud june 2026 cud,cloud,datascience,1.8482874719023892,-1.3668653152365078,3.215152787138897,36,292,49,cloud,3.215152787138897,36,True,True,0.0,0
308,cloud,cloud,Espacios irregulares,your cloud discount may no longer belong to one project your cloud discount may no longer belong to one project google cloud s june 2026 cud scope change shows why saas teams should review commitment sharing attribution and chargeback before buying cloud discounts. june 2026 cud june 2026 cud,your   cloud   discount   may   no   longer   belong   to   one   project   your   cloud   discount   may   no   longer   belong   to   one   project   google   cloud   s   june   2026   cud   scope   change   shows   why   saas   teams   should   review   commitment   sharing   attribution   and   chargeback   before   buying   cloud   discounts.   june   2026   cud   june   2026   cud,cloud,datascience,1.8482874719023892,-1.3668653152365078,3.215152787138897,36,389,49,cloud,3.215152787138897,36,True,True,0.0,0
308,cloud,cloud,Errores tipográficos,your cloud discount may no longer belong to one project your cloud discount may no longer belong to one project google cloud s june 2026 cud scope change shows why saas teams should review commitment sharing attribution and chargeback before buying cloud discounts. june 2026 cud june 2026 cud,your cloud discount may no logner belong to one prjoect your cloud discount may no logner belong to one prjoect google cloud s june 2026 cud scope chnage shows why saas teams should reivew commitment shraing attribution and chrageback before buiyng cloud discounts. june 2026 cud june 2026 cud,cloud,datascience,1.859434891873049,-1.3079115848540726,3.1673464767271216,27,293,49,cloud,3.215152787138897,36,True,True,-0.04780631041177541,-9
308,cloud,cloud,Texto truncado,your cloud discount may no longer belong to one project your cloud discount may no longer belong to one project google cloud s june 2026 cud scope change shows why saas teams should review commitment sharing attribution and chargeback before buying cloud discounts. june 2026 cud june 2026 cud,your cloud discount may no longer belong to one project your cloud discount may no longer belong to one project google cloud s june,cloud,backend,1.6846243688657356,-1.2704884000040702,2.955112768869806,17,131,24,cloud,3.215152787138897,36,True,True,-0.2600400182690912,-19
308,cloud,cloud,Ruido web,your cloud discount may no longer belong to one project your cloud discount may no longer belong to one project google cloud s june 2026 cud scope change shows why saas teams should review commitment sharing attribution and chargeback before buying cloud discounts. june 2026 cud june 2026 cud,your cloud discount may no longer belong to one project your cloud discount may no longer belong to one project google cloud s june 2026 cud scope change shows why saas teams should review commitment sharing attribution and chargeback before buying cloud discounts. june 2026 cud june 2026 cud https://example.com #tech 🚀,cloud,backend,1.734373389867033,-1.3194112896491448,3.053784679516178,38,321,52,cloud,3.215152787138897,36,True,True,-0.16136810762271914,2
721,cloud,cloud,Original,the quiet infrastructure problem tiwlo wants to solve the quiet infrastructure problem tiwlo wants to solve infrastructure is usually discussed in terms of servers uptime regions storage bandwidth and.,the quiet infrastructure problem tiwlo wants to solve the quiet infrastructure problem tiwlo wants to solve infrastructure is usually discussed in terms of servers uptime regions storage bandwidth and.,cloud,backend,0.02924153682660624,-0.35748127941744745,0.3867228162440537,24,201,29,cloud,0.3867228162440537,24,True,True,0.0,0
721,cloud,cloud,Minúsculas,the quiet infrastructure problem tiwlo wants to solve the quiet infrastructure problem tiwlo wants to solve infrastructure is usually discussed in terms of servers uptime regions storage bandwidth and.,the quiet infrastructure problem tiwlo wants to solve the quiet infrastructure problem tiwlo wants to solve infrastructure is usually discussed in terms of servers uptime regions storage bandwidth and.,cloud,backend,0.02924153682660624,-0.35748127941744745,0.3867228162440537,24,201,29,cloud,0.3867228162440537,24,True,True,0.0,0
721,cloud,cloud,Mayúsculas,the quiet infrastructure problem tiwlo wants to solve the quiet infrastructure problem tiwlo wants to solve infrastructure is usually discussed in terms of servers uptime regions storage bandwidth and.,THE QUIET INFRASTRUCTURE PROBLEM TIWLO WANTS TO SOLVE THE QUIET INFRASTRUCTURE PROBLEM TIWLO WANTS TO SOLVE INFRASTRUCTURE IS USUALLY DISCUSSED IN TERMS OF SERVERS UPTIME REGIONS STORAGE BANDWIDTH AND.,frontend,cloud,-0.4451063611691545,-0.7587329513838929,0.3136265902147384,0,201,29,cloud,0.3867228162440537,24,False,False,-0.07309622602931531,-24
721,cloud,cloud,Sin puntuación,the quiet infrastructure problem tiwlo wants to solve the quiet infrastructure problem tiwlo wants to solve infrastructure is usually discussed in terms of servers uptime regions storage bandwidth and.,the quiet infrastructure problem tiwlo wants to solve the quiet infrastructure problem tiwlo wants to solve infrastructure is usually discussed in terms of servers uptime regions storage bandwidth and,cloud,backend,0.02924153682660624,-0.35748127941744745,0.3867228162440537,24,200,29,cloud,0.3867228162440537,24,True,True,0.0,0
721,cloud,cloud,Espacios irregulares,the quiet infrastructure problem tiwlo wants to solve the quiet infrastructure problem tiwlo wants to solve infrastructure is usually discussed in terms of servers uptime regions storage bandwidth and.,the   quiet   infrastructure   problem   tiwlo   wants   to   solve   the   quiet   infrastructure   problem   tiwlo   wants   to   solve   infrastructure   is   usually   discussed   in   terms   of   servers   uptime   regions   storage   bandwidth   and.,cloud,backend,0.02924153682660624,-0.35748127941744745,0.3867228162440537,24,257,29,cloud,0.3867228162440537,24,True,True,0.0,0
721,cloud,cloud,Errores tipográficos,the quiet infrastructure problem tiwlo wants to solve the quiet infrastructure problem tiwlo wants to solve infrastructure is usually discussed in terms of servers uptime regions storage bandwidth and.,the quiet infrastructure prbolem tiwlo wants to solve the quiet infrastructure prbolem tiwlo wants to solve infrastructure is usaully discussed in terms of sevrers uptime reigons storage badnwidth and.,cloud,backend,-0.11140529596648097,-0.6245619948110421,0.5131566988445612,17,201,29,cloud,0.3867228162440537,24,True,True,0.12643388260050747,-7
721,cloud,cloud,Texto truncado,the quiet infrastructure problem tiwlo wants to solve the quiet infrastructure problem tiwlo wants to solve infrastructure is usually discussed in terms of servers uptime regions storage bandwidth and.,the quiet infrastructure problem tiwlo wants to solve the quiet infrastructure problem tiwlo wants,cloud,backend,-0.12533137943053163,-0.3074522998677369,0.1821209204372053,10,98,14,cloud,0.3867228162440537,24,True,True,-0.2046018958068484,-14
721,cloud,cloud,Ruido web,the quiet infrastructure problem tiwlo wants to solve the quiet infrastructure problem tiwlo wants to solve infrastructure is usually discussed in terms of servers uptime regions storage bandwidth and.,the quiet infrastructure problem tiwlo wants to solve the quiet infrastructure problem tiwlo wants to solve infrastructure is usually discussed in terms of servers uptime regions storage bandwidth and. https://example.com #tech 🚀,cloud,backend,-0.06719953768742204,-0.11318689675264793,0.045987359065225886,26,229,32,cloud,0.3867228162440537,24,True,True,-0.3407354571788278,2
264,cloud,cloud,Original,understanding backup appliance: a practical overview understanding backup appliance: a practical overview data protection strategy has never been more important for organizations of all sizes. this article.,understanding backup appliance: a practical overview understanding backup appliance: a practical overview data protection strategy has never been more important for organizations of all sizes. this article.,cloud,backend,1.4829750524938952,-1.23267135927046,2.715646411764355,41,206,27,cloud,2.715646411764355,41,True,True,0.0,0
264,cloud,cloud,Minúsculas,understanding backup appliance: a practical overview understanding backup appliance: a practical overview data protection strategy has never been more important for organizations of all sizes. this article.,understanding backup appliance: a practical overview understanding backup appliance: a practical overview data protection strategy has never been more important for organizations of all sizes. this article.,cloud,backend,1.4829750524938952,-1.23267135927046,2.715646411764355,41,206,27,cloud,2.715646411764355,41,True,True,0.0,0
264,cloud,cloud,Mayúsculas,understanding backup appliance: a practical overview understanding backup appliance: a practical overview data protection strategy has never been more important for organizations of all sizes. this article.,UNDERSTANDING BACKUP APPLIANCE: A PRACTICAL OVERVIEW UNDERSTANDING BACKUP APPLIANCE: A PRACTICAL OVERVIEW DATA PROTECTION STRATEGY HAS NEVER BEEN MORE IMPORTANT FOR ORGANIZATIONS OF ALL SIZES. THIS ARTICLE.,frontend,cloud,-0.4451063611691545,-0.7587329513838929,0.3136265902147384,0,206,27,cloud,2.715646411764355,41,False,False,-2.402019821549617,-41
264,cloud,cloud,Sin puntuación,understanding backup appliance: a practical overview understanding backup appliance: a practical overview data protection strategy has never been more important for organizations of all sizes. this article.,understanding backup appliance a practical overview understanding backup appliance a practical overview data protection strategy has never been more important for organizations of all sizes this article,cloud,backend,1.4829750524938952,-1.23267135927046,2.715646411764355,41,202,27,cloud,2.715646411764355,41,True,True,0.0,0
264,cloud,cloud,Espacios irregulares,understanding backup appliance: a practical overview understanding backup appliance: a practical overview data protection strategy has never been more important for organizations of all sizes. this article.,understanding   backup   appliance:   a   practical   overview   understanding   backup   appliance:   a   practical   overview   data   protection   strategy   has   never   been   more   important   for   organizations   of   all   sizes.   this   article.,cloud,backend,1.4829750524938952,-1.23267135927046,2.715646411764355,41,258,27,cloud,2.715646411764355,41,True,True,0.0,0
264,cloud,cloud,Errores tipográficos,understanding backup appliance: a practical overview understanding backup appliance: a practical overview data protection strategy has never been more important for organizations of all sizes. this article.,understanding bakcup appliance: a prcatical overview unedrstanding backup aplpiance: a practical ovreview data protection startegy has never been more important for oragnizations of all sizes. this aritcle.,cloud,backend,0.6491170538717231,-0.8646059522831171,1.5137230061548403,29,206,27,cloud,2.715646411764355,41,True,True,-1.2019234056095147,-12
264,cloud,cloud,Texto truncado,understanding backup appliance: a practical overview understanding backup appliance: a practical overview data protection strategy has never been more important for organizations of all sizes. this article.,understanding backup appliance: a practical overview understanding backup appliance: a practical overview data,cloud,frontend,0.8798769066279889,-1.2416768434584697,2.1215537500864587,13,110,13,cloud,2.715646411764355,41,True,True,-0.5940926616778963,-28
264,cloud,cloud,Ruido web,understanding backup appliance: a practical overview understanding backup appliance: a practical overview data protection strategy has never been more important for organizations of all sizes. this article.,understanding backup appliance: a practical overview understanding backup appliance: a practical overview data protection strategy has never been more important for organizations of all sizes. this article. https://example.com #tech 🚀,cloud,backend,1.385235431569245,-1.0235505016761035,2.4087859332453485,43,234,30,cloud,2.715646411764355,41,True,True,-0.30686047851900655,2
75,cloud,cloud,Original,effortlessly add watermark annotations to docx with python rest api effortlessly add watermark annotations to docx with python rest api did you know that adding watermarks to docx files using svg can improve visual clarity and. svg svg,effortlessly add watermark annotations to docx with python rest api effortlessly add watermark annotations to docx with python rest api did you know that adding watermarks to docx files using svg can improve visual clarity and. svg svg,cloud,frontend,1.4443172270569802,-1.483859212279183,2.928176439336163,33,235,38,cloud,2.928176439336163,33,True,True,0.0,0
75,cloud,cloud,Minúsculas,effortlessly add watermark annotations to docx with python rest api effortlessly add watermark annotations to docx with python rest api did you know that adding watermarks to docx files using svg can improve visual clarity and. svg svg,effortlessly add watermark annotations to docx with python rest api effortlessly add watermark annotations to docx with python rest api did you know that adding watermarks to docx files using svg can improve visual clarity and. svg svg,cloud,frontend,1.4443172270569802,-1.483859212279183,2.928176439336163,33,235,38,cloud,2.928176439336163,33,True,True,0.0,0
75,cloud,cloud,Mayúsculas,effortlessly add watermark annotations to docx with python rest api effortlessly add watermark annotations to docx with python rest api did you know that adding watermarks to docx files using svg can improve visual clarity and. svg svg,EFFORTLESSLY ADD WATERMARK ANNOTATIONS TO DOCX WITH PYTHON REST API EFFORTLESSLY ADD WATERMARK ANNOTATIONS TO DOCX WITH PYTHON REST API DID YOU KNOW THAT ADDING WATERMARKS TO DOCX FILES USING SVG CAN IMPROVE VISUAL CLARITY AND. SVG SVG,frontend,cloud,-0.4451063611691545,-0.7587329513838929,0.3136265902147384,0,235,38,cloud,2.928176439336163,33,False,False,-2.614549849121425,-33
75,cloud,cloud,Sin puntuación,effortlessly add watermark annotations to docx with python rest api effortlessly add watermark annotations to docx with python rest api did you know that adding watermarks to docx files using svg can improve visual clarity and. svg svg,effortlessly add watermark annotations to docx with python rest api effortlessly add watermark annotations to docx with python rest api did you know that adding watermarks to docx files using svg can improve visual clarity and svg svg,cloud,frontend,1.4443172270569802,-1.483859212279183,2.928176439336163,33,234,38,cloud,2.928176439336163,33,True,True,0.0,0
75,cloud,cloud,Espacios irregulares,effortlessly add watermark annotations to docx with python rest api effortlessly add watermark annotations to docx with python rest api did you know that adding watermarks to docx files using svg can improve visual clarity and. svg svg,effortlessly   add   watermark   annotations   to   docx   with   python   rest   api   effortlessly   add   watermark   annotations   to   docx   with   python   rest   api   did   you   know   that   adding   watermarks   to   docx   files   using   svg   can   improve   visual   clarity   and.   svg   svg,cloud,frontend,1.4443172270569802,-1.483859212279183,2.928176439336163,33,309,38,cloud,2.928176439336163,33,True,True,0.0,0
75,cloud,cloud,Errores tipográficos,effortlessly add watermark annotations to docx with python rest api effortlessly add watermark annotations to docx with python rest api did you know that adding watermarks to docx files using svg can improve visual clarity and. svg svg,effortlessly add waetrmark annotations to docx with pyhton rest api effortlessly add waetrmark annotations to docx with pyhton rest api did you know that adding waetrmarks to docx files using svg can improve viusal clarity and. svg svg,cloud,frontend,1.2368919003367753,-1.2143440672895465,2.451235967626322,29,235,38,cloud,2.928176439336163,33,True,True,-0.47694047170984133,-4
75,cloud,cloud,Texto truncado,effortlessly add watermark annotations to docx with python rest api effortlessly add watermark annotations to docx with python rest api did you know that adding watermarks to docx files using svg can improve visual clarity and. svg svg,effortlessly add watermark annotations to docx with python rest api effortlessly add watermark annotations to docx with python rest,cloud,backend,1.3952106239532118,-0.9555133738204313,2.350723997773643,13,131,19,cloud,2.928176439336163,33,True,True,-0.57745244156252,-20
75,cloud,cloud,Ruido web,effortlessly add watermark annotations to docx with python rest api effortlessly add watermark annotations to docx with python rest api did you know that adding watermarks to docx files using svg can improve visual clarity and. svg svg,effortlessly add watermark annotations to docx with python rest api effortlessly add watermark annotations to docx with python rest api did you know that adding watermarks to docx files using svg can improve visual clarity and. svg svg https://example.com #tech 🚀,cloud,backend,1.336393546693047,-1.333621896457814,2.670015443150861,35,263,41,cloud,2.928176439336163,33,True,True,-0.25816099618530197,2
541,cloud,cloud,Original,why you need amazon efs and why ebs will break your auto-scaling app why you need amazon efs and why ebs will break your auto-scaling app if you are spinning up a single ec2 instance amazon ebs elastic block storage is the default. amazon ebs (elastic block storage amazon ebs (elastic block storage,why you need amazon efs and why ebs will break your auto-scaling app why you need amazon efs and why ebs will break your auto-scaling app if you are spinning up a single ec2 instance amazon ebs elastic block storage is the default. amazon ebs (elastic block storage amazon ebs (elastic block storage,cloud,backend,-0.32668408278823446,-0.5696574851350006,0.24297340234676612,34,299,53,cloud,0.24297340234676612,34,True,True,0.0,0
541,cloud,cloud,Minúsculas,why you need amazon efs and why ebs will break your auto-scaling app why you need amazon efs and why ebs will break your auto-scaling app if you are spinning up a single ec2 instance amazon ebs elastic block storage is the default. amazon ebs (elastic block storage amazon ebs (elastic block storage,why you need amazon efs and why ebs will break your auto-scaling app why you need amazon efs and why ebs will break your auto-scaling app if you are spinning up a single ec2 instance amazon ebs elastic block storage is the default. amazon ebs (elastic block storage amazon ebs (elastic block storage,cloud,backend,-0.32668408278823446,-0.5696574851350006,0.24297340234676612,34,299,53,cloud,0.24297340234676612,34,True,True,0.0,0
541,cloud,cloud,Mayúsculas,why you need amazon efs and why ebs will break your auto-scaling app why you need amazon efs and why ebs will break your auto-scaling app if you are spinning up a single ec2 instance amazon ebs elastic block storage is the default. amazon ebs (elastic block storage amazon ebs (elastic block storage,WHY YOU NEED AMAZON EFS AND WHY EBS WILL BREAK YOUR AUTO-SCALING APP WHY YOU NEED AMAZON EFS AND WHY EBS WILL BREAK YOUR AUTO-SCALING APP IF YOU ARE SPINNING UP A SINGLE EC2 INSTANCE AMAZON EBS ELASTIC BLOCK STORAGE IS THE DEFAULT. AMAZON EBS (ELASTIC BLOCK STORAGE AMAZON EBS (ELASTIC BLOCK STORAGE,frontend,cloud,-0.4451063611691545,-0.7587329513838929,0.3136265902147384,0,299,53,cloud,0.24297340234676612,34,False,False,0.07065318786797226,-34
541,cloud,cloud,Sin puntuación,why you need amazon efs and why ebs will break your auto-scaling app why you need amazon efs and why ebs will break your auto-scaling app if you are spinning up a single ec2 instance amazon ebs elastic block storage is the default. amazon ebs (elastic block storage amazon ebs (elastic block storage,why you need amazon efs and why ebs will break your auto scaling app why you need amazon efs and why ebs will break your auto scaling app if you are spinning up a single ec2 instance amazon ebs elastic block storage is the default amazon ebs elastic block storage amazon ebs elastic block storage,cloud,backend,-0.096276423653188,-0.4637640310245976,0.3674876073714096,37,296,55,cloud,0.24297340234676612,34,True,True,0.1245142050246435,3
541,cloud,cloud,Espacios irregulares,why you need amazon efs and why ebs will break your auto-scaling app why you need amazon efs and why ebs will break your auto-scaling app if you are spinning up a single ec2 instance amazon ebs elastic block storage is the default. amazon ebs (elastic block storage amazon ebs (elastic block storage,why   you   need   amazon   efs   and   why   ebs   will   break   your   auto-scaling   app   why   you   need   amazon   efs   and   why   ebs   will   break   your   auto-scaling   app   if   you   are   spinning   up   a   single   ec2   instance   amazon   ebs   elastic   block   storage   is   the   default.   amazon   ebs   (elastic   block   storage   amazon   ebs   (elastic   block   storage,cloud,backend,-0.32668408278823446,-0.5696574851350006,0.24297340234676612,34,403,53,cloud,0.24297340234676612,34,True,True,0.0,0
541,cloud,cloud,Errores tipográficos,why you need amazon efs and why ebs will break your auto-scaling app why you need amazon efs and why ebs will break your auto-scaling app if you are spinning up a single ec2 instance amazon ebs elastic block storage is the default. amazon ebs (elastic block storage amazon ebs (elastic block storage,why you need amazon efs and why ebs will break your auot-scaling app why you need amazon efs and why ebs will break your auot-scaling app if you are spinning up a signle ec2 instance amzaon ebs elastic block stroage is the default. amzaon ebs (elastic block stroage amazon ebs (ealstic block storage,backend,cloud,-0.35098397712399193,-0.5684439031602477,0.2174599260362558,32,299,53,cloud,0.24297340234676612,34,False,False,-0.02551347631051032,-2
541,cloud,cloud,Texto truncado,why you need amazon efs and why ebs will break your auto-scaling app why you need amazon efs and why ebs will break your auto-scaling app if you are spinning up a single ec2 instance amazon ebs elastic block storage is the default. amazon ebs (elastic block storage amazon ebs (elastic block storage,why you need amazon efs and why ebs will break your auto-scaling app why you need amazon efs and why ebs will break your auto-scaling app,backend,cloud,-0.14603835369640128,-0.8511359861111265,0.7050976324147252,15,137,26,cloud,0.24297340234676612,34,False,False,0.4621242300679591,-19
541,cloud,cloud,Ruido web,why you need amazon efs and why ebs will break your auto-scaling app why you need amazon efs and why ebs will break your auto-scaling app if you are spinning up a single ec2 instance amazon ebs elastic block storage is the default. amazon ebs (elastic block storage amazon ebs (elastic block storage,why you need amazon efs and why ebs will break your auto-scaling app why you need amazon efs and why ebs will break your auto-scaling app if you are spinning up a single ec2 instance amazon ebs elastic block storage is the default. amazon ebs (elastic block storage amazon ebs (elastic block storage https://example.com #tech 🚀,backend,cloud,-0.37734335653709544,-0.38965793837047413,0.01231458183337869,36,327,56,cloud,0.24297340234676612,34,False,False,-0.23065882051338743,2
540,cloud,cloud,Original,provide storage for the it department testing and training provide storage for the it department testing and training what is azure storage azure storage is microsoft s cloud-based storage solution that provides. microsoft microsoft,provide storage for the it department testing and training provide storage for the it department testing and training what is azure storage azure storage is microsoft s cloud-based storage solution that provides. microsoft microsoft,cloud,datascience,2.1065376036052643,-1.3242042451206508,3.430741848725915,31,232,34,cloud,3.430741848725915,31,True,True,0.0,0
540,cloud,cloud,Minúsculas,provide storage for the it department testing and training provide storage for the it department testing and training what is azure storage azure storage is microsoft s cloud-based storage solution that provides. microsoft microsoft,provide storage for the it department testing and training provide storage for the it department testing and training what is azure storage azure storage is microsoft s cloud-based storage solution that provides. microsoft microsoft,cloud,datascience,2.1065376036052643,-1.3242042451206508,3.430741848725915,31,232,34,cloud,3.430741848725915,31,True,True,0.0,0
540,cloud,cloud,Mayúsculas,provide storage for the it department testing and training provide storage for the it department testing and training what is azure storage azure storage is microsoft s cloud-based storage solution that provides. microsoft microsoft,PROVIDE STORAGE FOR THE IT DEPARTMENT TESTING AND TRAINING PROVIDE STORAGE FOR THE IT DEPARTMENT TESTING AND TRAINING WHAT IS AZURE STORAGE AZURE STORAGE IS MICROSOFT S CLOUD-BASED STORAGE SOLUTION THAT PROVIDES. MICROSOFT MICROSOFT,frontend,cloud,-0.4451063611691545,-0.7587329513838929,0.3136265902147384,0,232,34,cloud,3.430741848725915,31,False,False,-3.117115258511177,-31
540,cloud,cloud,Sin puntuación,provide storage for the it department testing and training provide storage for the it department testing and training what is azure storage azure storage is microsoft s cloud-based storage solution that provides. microsoft microsoft,provide storage for the it department testing and training provide storage for the it department testing and training what is azure storage azure storage is microsoft s cloud based storage solution that provides microsoft microsoft,cloud,datascience,2.5243133600283496,-1.4567877252677035,3.981101085296053,34,231,35,cloud,3.430741848725915,31,True,True,0.550359236570138,3
540,cloud,cloud,Espacios irregulares,provide storage for the it department testing and training provide storage for the it department testing and training what is azure storage azure storage is microsoft s cloud-based storage solution that provides. microsoft microsoft,provide   storage   for   the   it   department   testing   and   training   provide   storage   for   the   it   department   testing   and   training   what   is   azure   storage   azure   storage   is   microsoft   s   cloud-based   storage   solution   that   provides.   microsoft   microsoft,cloud,datascience,2.1065376036052643,-1.3242042451206508,3.430741848725915,31,298,34,cloud,3.430741848725915,31,True,True,0.0,0
540,cloud,cloud,Errores tipográficos,provide storage for the it department testing and training provide storage for the it department testing and training what is azure storage azure storage is microsoft s cloud-based storage solution that provides. microsoft microsoft,provide stroage for the it department tetsing and training prvoide storage for the it deaprtment testing and trianing what is azure storage azure stroage is microsoft s cluod-based storage soultion that provides. mircosoft microsoft,cloud,datascience,2.1716263022747126,-1.2757721132543034,3.4473984155290163,25,232,34,cloud,3.430741848725915,31,True,True,0.016656566803101125,-6
540,cloud,cloud,Texto truncado,provide storage for the it department testing and training provide storage for the it department testing and training what is azure storage azure storage is microsoft s cloud-based storage solution that provides. microsoft microsoft,provide storage for the it department testing and training provide storage for the it department testing and,cloud,datascience,0.9815198785558344,-1.1409056648763143,2.122425543432149,17,108,17,cloud,3.430741848725915,31,True,True,-1.3083163052937663,-14
540,cloud,cloud,Ruido web,provide storage for the it department testing and training provide storage for the it department testing and training what is azure storage azure storage is microsoft s cloud-based storage solution that provides. microsoft microsoft,provide storage for the it department testing and training provide storage for the it department testing and training what is azure storage azure storage is microsoft s cloud-based storage solution that provides. microsoft microsoft https://example.com #tech 🚀,cloud,datascience,2.005265527470919,-1.3895519755364758,3.3948175030073946,33,260,37,cloud,3.430741848725915,31,True,True,-0.035924345718520545,2
867,cloud,cloud,Original,enterprise backup architecture considerations 2026 enterprise backup architecture considerations 2026 enterprise backup architecture considerations 2026 planning your backup.,enterprise backup architecture considerations 2026 enterprise backup architecture considerations 2026 enterprise backup architecture considerations 2026 planning your backup.,cloud,backend,0.7687867268724783,-0.6846486334040127,1.4534353602764911,8,174,18,cloud,1.4534353602764911,8,True,True,0.0,0
867,cloud,cloud,Minúsculas,enterprise backup architecture considerations 2026 enterprise backup architecture considerations 2026 enterprise backup architecture considerations 2026 planning your backup.,enterprise backup architecture considerations 2026 enterprise backup architecture considerations 2026 enterprise backup architecture considerations 2026 planning your backup.,cloud,backend,0.7687867268724783,-0.6846486334040127,1.4534353602764911,8,174,18,cloud,1.4534353602764911,8,True,True,0.0,0
867,cloud,cloud,Mayúsculas,enterprise backup architecture considerations 2026 enterprise backup architecture considerations 2026 enterprise backup architecture considerations 2026 planning your backup.,ENTERPRISE BACKUP ARCHITECTURE CONSIDERATIONS 2026 ENTERPRISE BACKUP ARCHITECTURE CONSIDERATIONS 2026 ENTERPRISE BACKUP ARCHITECTURE CONSIDERATIONS 2026 PLANNING YOUR BACKUP.,cloud,datascience,0.4864148783671295,-0.26597776890918956,0.752392647276319,1,174,18,cloud,1.4534353602764911,8,True,True,-0.7010427130001721,-7
867,cloud,cloud,Sin puntuación,enterprise backup architecture considerations 2026 enterprise backup architecture considerations 2026 enterprise backup architecture considerations 2026 planning your backup.,enterprise backup architecture considerations 2026 enterprise backup architecture considerations 2026 enterprise backup architecture considerations 2026 planning your backup,cloud,backend,0.7687867268724783,-0.6846486334040127,1.4534353602764911,8,173,18,cloud,1.4534353602764911,8,True,True,0.0,0
867,cloud,cloud,Espacios irregulares,enterprise backup architecture considerations 2026 enterprise backup architecture considerations 2026 enterprise backup architecture considerations 2026 planning your backup.,enterprise   backup   architecture   considerations   2026   enterprise   backup   architecture   considerations   2026   enterprise   backup   architecture   considerations   2026   planning   your   backup.,cloud,backend,0.7687867268724783,-0.6846486334040127,1.4534353602764911,8,208,18,cloud,1.4534353602764911,8,True,True,0.0,0
867,cloud,cloud,Errores tipográficos,enterprise backup architecture considerations 2026 enterprise backup architecture considerations 2026 enterprise backup architecture considerations 2026 planning your backup.,enterprise bakcup architecture cosniderations 2026 enterprise bakcup architecture cosniderations 2026 enterprise bakcup architecture cosniderations 2026 planning your bakcup.,cloud,backend,-0.018802098247564736,-0.5652703619517756,0.5464682637042109,6,174,18,cloud,1.4534353602764911,8,True,True,-0.9069670965722803,-2
867,cloud,cloud,Texto truncado,enterprise backup architecture considerations 2026 enterprise backup architecture considerations 2026 enterprise backup architecture considerations 2026 planning your backup.,enterprise backup architecture considerations 2026 enterprise backup architecture considerations,cloud,backend,0.84723906228831,-0.43443160570576983,1.28167066799408,5,96,9,cloud,1.4534353602764911,8,True,True,-0.1717646922824112,-3
867,cloud,cloud,Ruido web,enterprise backup architecture considerations 2026 enterprise backup architecture considerations 2026 enterprise backup architecture considerations 2026 planning your backup.,enterprise backup architecture considerations 2026 enterprise backup architecture considerations 2026 enterprise backup architecture considerations 2026 planning your backup. https://example.com #tech 🚀,cloud,backend,0.5834830216627241,-0.3402541978793906,0.9237372195421147,10,202,21,cloud,1.4534353602764911,8,True,True,-0.5296981407343764,2
87,cloud,cloud,Original,a deep dive into 3-2-1 backup strategy a deep dive into 3-2-1 backup strategy among the many frameworks and methodologies available to data protection professionals few have.,a deep dive into 3-2-1 backup strategy a deep dive into 3-2-1 backup strategy among the many frameworks and methodologies available to data protection professionals few have.,cloud,frontend,1.240041619259256,-1.3837333318761045,2.6237749511353607,34,174,27,cloud,2.6237749511353607,34,True,True,0.0,0
87,cloud,cloud,Minúsculas,a deep dive into 3-2-1 backup strategy a deep dive into 3-2-1 backup strategy among the many frameworks and methodologies available to data protection professionals few have.,a deep dive into 3-2-1 backup strategy a deep dive into 3-2-1 backup strategy among the many frameworks and methodologies available to data protection professionals few have.,cloud,frontend,1.240041619259256,-1.3837333318761045,2.6237749511353607,34,174,27,cloud,2.6237749511353607,34,True,True,0.0,0
87,cloud,cloud,Mayúsculas,a deep dive into 3-2-1 backup strategy a deep dive into 3-2-1 backup strategy among the many frameworks and methodologies available to data protection professionals few have.,A DEEP DIVE INTO 3-2-1 BACKUP STRATEGY A DEEP DIVE INTO 3-2-1 BACKUP STRATEGY AMONG THE MANY FRAMEWORKS AND METHODOLOGIES AVAILABLE TO DATA PROTECTION PROFESSIONALS FEW HAVE.,cloud,frontend,-0.42439602151721856,-0.6245013102866679,0.20010528876944933,1,174,27,cloud,2.6237749511353607,34,True,True,-2.4236696623659113,-33
87,cloud,cloud,Sin puntuación,a deep dive into 3-2-1 backup strategy a deep dive into 3-2-1 backup strategy among the many frameworks and methodologies available to data protection professionals few have.,a deep dive into 3 2 1 backup strategy a deep dive into 3 2 1 backup strategy among the many frameworks and methodologies available to data protection professionals few have,cloud,datascience,1.3251001981871209,-1.1752998196984228,2.5004000178855437,38,173,31,cloud,2.6237749511353607,34,True,True,-0.12337493324981708,4
87,cloud,cloud,Espacios irregulares,a deep dive into 3-2-1 backup strategy a deep dive into 3-2-1 backup strategy among the many frameworks and methodologies available to data protection professionals few have.,a   deep   dive   into   3-2-1   backup   strategy   a   deep   dive   into   3-2-1   backup   strategy   among   the   many   frameworks   and   methodologies   available   to   data   protection   professionals   few   have.,cloud,frontend,1.240041619259256,-1.3837333318761045,2.6237749511353607,34,226,27,cloud,2.6237749511353607,34,True,True,0.0,0
87,cloud,cloud,Errores tipográficos,a deep dive into 3-2-1 backup strategy a deep dive into 3-2-1 backup strategy among the many frameworks and methodologies available to data protection professionals few have.,a deep dive into 3-2-1 backup startegy a deep dive into 3-2-1 backup startegy among the many frameworks and mehtodologies available to data prtoection professionals few have.,cloud,datascience,0.6235868625947479,-1.2841295109671973,1.9077163735619451,27,174,27,cloud,2.6237749511353607,34,True,True,-0.7160585775734156,-7
87,cloud,cloud,Texto truncado,a deep dive into 3-2-1 backup strategy a deep dive into 3-2-1 backup strategy among the many frameworks and methodologies available to data protection professionals few have.,a deep dive into 3-2-1 backup strategy a deep dive into 3-2-1 backup,cloud,frontend,0.4053891629498384,-0.9450850430551574,1.350474206004996,11,68,13,cloud,2.6237749511353607,34,True,True,-1.2733007451303648,-23
87,cloud,cloud,Ruido web,a deep dive into 3-2-1 backup strategy a deep dive into 3-2-1 backup strategy among the many frameworks and methodologies available to data protection professionals few have.,a deep dive into 3-2-1 backup strategy a deep dive into 3-2-1 backup strategy among the many frameworks and methodologies available to data protection professionals few have. https://example.com #tech 🚀,cloud,backend,1.1338776492998583,-1.3210513711991962,2.454929020499055,36,202,30,cloud,2.6237749511353607,34,True,True,-0.16884593063630593,2
392,cloud,cloud,Original,oracle cloud financials 26b release: what s new oracle cloud financials 26b release: what s new oracle cloud financials 26b is a substantial release with 129 changes across 12 modules previewing. oracle cloud financials 12 modules 26b oracle cloud financials 12 modules 26b,oracle cloud financials 26b release: what s new oracle cloud financials 26b release: what s new oracle cloud financials 26b is a substantial release with 129 changes across 12 modules previewing. oracle cloud financials 12 modules 26b oracle cloud financials 12 modules 26b,cloud,datascience,1.8021148949271049,-1.418075247772208,3.220190142699313,23,273,43,cloud,3.220190142699313,23,True,True,0.0,0
392,cloud,cloud,Minúsculas,oracle cloud financials 26b release: what s new oracle cloud financials 26b release: what s new oracle cloud financials 26b is a substantial release with 129 changes across 12 modules previewing. oracle cloud financials 12 modules 26b oracle cloud financials 12 modules 26b,oracle cloud financials 26b release: what s new oracle cloud financials 26b release: what s new oracle cloud financials 26b is a substantial release with 129 changes across 12 modules previewing. oracle cloud financials 12 modules 26b oracle cloud financials 12 modules 26b,cloud,datascience,1.8021148949271049,-1.418075247772208,3.220190142699313,23,273,43,cloud,3.220190142699313,23,True,True,0.0,0
392,cloud,cloud,Mayúsculas,oracle cloud financials 26b release: what s new oracle cloud financials 26b release: what s new oracle cloud financials 26b is a substantial release with 129 changes across 12 modules previewing. oracle cloud financials 12 modules 26b oracle cloud financials 12 modules 26b,ORACLE CLOUD FINANCIALS 26B RELEASE: WHAT S NEW ORACLE CLOUD FINANCIALS 26B RELEASE: WHAT S NEW ORACLE CLOUD FINANCIALS 26B IS A SUBSTANTIAL RELEASE WITH 129 CHANGES ACROSS 12 MODULES PREVIEWING. ORACLE CLOUD FINANCIALS 12 MODULES 26B ORACLE CLOUD FINANCIALS 12 MODULES 26B,frontend,datascience,-0.40687843742609403,-0.595058099099796,0.18817966167370198,1,273,43,cloud,3.220190142699313,23,False,False,-3.032010481025611,-22
392,cloud,cloud,Sin puntuación,oracle cloud financials 26b release: what s new oracle cloud financials 26b release: what s new oracle cloud financials 26b is a substantial release with 129 changes across 12 modules previewing. oracle cloud financials 12 modules 26b oracle cloud financials 12 modules 26b,oracle cloud financials 26b release what s new oracle cloud financials 26b release what s new oracle cloud financials 26b is a substantial release with 129 changes across 12 modules previewing oracle cloud financials 12 modules 26b oracle cloud financials 12 modules 26b,cloud,datascience,1.8021148949271049,-1.418075247772208,3.220190142699313,23,270,43,cloud,3.220190142699313,23,True,True,0.0,0
392,cloud,cloud,Espacios irregulares,oracle cloud financials 26b release: what s new oracle cloud financials 26b release: what s new oracle cloud financials 26b is a substantial release with 129 changes across 12 modules previewing. oracle cloud financials 12 modules 26b oracle cloud financials 12 modules 26b,oracle   cloud   financials   26b   release:   what   s   new   oracle   cloud   financials   26b   release:   what   s   new   oracle   cloud   financials   26b   is   a   substantial   release   with   129   changes   across   12   modules   previewing.   oracle   cloud   financials   12   modules   26b   oracle   cloud   financials   12   modules   26b,cloud,datascience,1.8021148949271049,-1.418075247772208,3.220190142699313,23,357,43,cloud,3.220190142699313,23,True,True,0.0,0
392,cloud,cloud,Errores tipográficos,oracle cloud financials 26b release: what s new oracle cloud financials 26b release: what s new oracle cloud financials 26b is a substantial release with 129 changes across 12 modules previewing. oracle cloud financials 12 modules 26b oracle cloud financials 12 modules 26b,oracle cloud fianncials 26b release: what s new orcale cloud financials 26b reelase: what s new oracle cloud fianncials 26b is a substantial reelase with 129 changes acorss 12 modules prveiewing. oracle cloud fianncials 12 modules 26b orcale cloud financials 12 moudles 26b,cloud,datascience,2.1038750213911674,-1.6262395767985887,3.730114598189756,22,273,43,cloud,3.220190142699313,23,True,True,0.509924455490443,-1
392,cloud,cloud,Texto truncado,oracle cloud financials 26b release: what s new oracle cloud financials 26b release: what s new oracle cloud financials 26b is a substantial release with 129 changes across 12 modules previewing. oracle cloud financials 12 modules 26b oracle cloud financials 12 modules 26b,oracle cloud financials 26b release: what s new oracle cloud financials 26b release: what s new oracle cloud financials 26b is,cloud,backend,1.5957129282989397,-1.4734269913450777,3.0691399196440177,15,126,21,cloud,3.220190142699313,23,True,True,-0.15105022305529525,-8
392,cloud,cloud,Ruido web,oracle cloud financials 26b release: what s new oracle cloud financials 26b release: what s new oracle cloud financials 26b is a substantial release with 129 changes across 12 modules previewing. oracle cloud financials 12 modules 26b oracle cloud financials 12 modules 26b,oracle cloud financials 26b release: what s new oracle cloud financials 26b release: what s new oracle cloud financials 26b is a substantial release with 129 changes across 12 modules previewing. oracle cloud financials 12 modules 26b oracle cloud financials 12 modules 26b https://example.com #tech 🚀,cloud,datascience,1.7074345327891227,-1.481256999573775,3.1886915323628977,25,301,46,cloud,3.220190142699313,23,True,True,-0.03149861033641521,2
39,cloud,cloud,Original,ai revolutionizes saas ai revolutionizes saas introduction to the ai revolution in saas the world of software as a service saas has. software the ai revolution software the ai revolution,ai revolutionizes saas ai revolutionizes saas introduction to the ai revolution in saas the world of software as a service saas has. software the ai revolution software the ai revolution,cloud,backend,0.9005852054648672,-0.7147781144108103,1.6153633198756774,30,186,30,cloud,1.6153633198756774,30,True,True,0.0,0
39,cloud,cloud,Minúsculas,ai revolutionizes saas ai revolutionizes saas introduction to the ai revolution in saas the world of software as a service saas has. software the ai revolution software the ai revolution,ai revolutionizes saas ai revolutionizes saas introduction to the ai revolution in saas the world of software as a service saas has. software the ai revolution software the ai revolution,cloud,backend,0.9005852054648672,-0.7147781144108103,1.6153633198756774,30,186,30,cloud,1.6153633198756774,30,True,True,0.0,0
39,cloud,cloud,Mayúsculas,ai revolutionizes saas ai revolutionizes saas introduction to the ai revolution in saas the world of software as a service saas has. software the ai revolution software the ai revolution,AI REVOLUTIONIZES SAAS AI REVOLUTIONIZES SAAS INTRODUCTION TO THE AI REVOLUTION IN SAAS THE WORLD OF SOFTWARE AS A SERVICE SAAS HAS. SOFTWARE THE AI REVOLUTION SOFTWARE THE AI REVOLUTION,frontend,cloud,-0.4451063611691545,-0.7587329513838929,0.3136265902147384,0,186,30,cloud,1.6153633198756774,30,False,False,-1.301736729660939,-30
39,cloud,cloud,Sin puntuación,ai revolutionizes saas ai revolutionizes saas introduction to the ai revolution in saas the world of software as a service saas has. software the ai revolution software the ai revolution,ai revolutionizes saas ai revolutionizes saas introduction to the ai revolution in saas the world of software as a service saas has software the ai revolution software the ai revolution,cloud,backend,0.9005852054648672,-0.7147781144108103,1.6153633198756774,30,185,30,cloud,1.6153633198756774,30,True,True,0.0,0
39,cloud,cloud,Espacios irregulares,ai revolutionizes saas ai revolutionizes saas introduction to the ai revolution in saas the world of software as a service saas has. software the ai revolution software the ai revolution,ai   revolutionizes   saas   ai   revolutionizes   saas   introduction   to   the   ai   revolution   in   saas   the   world   of   software   as   a   service   saas   has.   software   the   ai   revolution   software   the   ai   revolution,cloud,backend,0.9005852054648672,-0.7147781144108103,1.6153633198756774,30,244,30,cloud,1.6153633198756774,30,True,True,0.0,0
39,cloud,cloud,Errores tipográficos,ai revolutionizes saas ai revolutionizes saas introduction to the ai revolution in saas the world of software as a service saas has. software the ai revolution software the ai revolution,ai revolutionizes saas ai reovlutionizes saas introduction to the ai reovlution in saas the world of software as a sevrice saas has. software the ai reovlution software the ai reovlution,cloud,backend,0.7979511997932892,-0.659703483694883,1.457654683488172,26,186,30,cloud,1.6153633198756774,30,True,True,-0.15770863638750532,-4
39,cloud,cloud,Texto truncado,ai revolutionizes saas ai revolutionizes saas introduction to the ai revolution in saas the world of software as a service saas has. software the ai revolution software the ai revolution,ai revolutionizes saas ai revolutionizes saas introduction to the ai revolution in saas the world,cloud,backend,0.6359417037865441,-0.5204116535889164,1.1563533573754605,16,97,15,cloud,1.6153633198756774,30,True,True,-0.45900996250021686,-14
39,cloud,cloud,Ruido web,ai revolutionizes saas ai revolutionizes saas introduction to the ai revolution in saas the world of software as a service saas has. software the ai revolution software the ai revolution,ai revolutionizes saas ai revolutionizes saas introduction to the ai revolution in saas the world of software as a service saas has. software the ai revolution software the ai revolution https://example.com #tech 🚀,cloud,backend,0.7816730747498363,-0.4651613006095794,1.2468343753594158,32,214,33,cloud,1.6153633198756774,30,True,True,-0.3685289445162616,2
761,cloud,cloud,Original,pourquoi l ia locale change la donne : votre machine votre règle pourquoi l ia locale change la donne : votre machine votre règle le matin où tout s arrête un clic. un écran figé. votre outil de dictée ne répond plus. un un,pourquoi l ia locale change la donne : votre machine votre règle pourquoi l ia locale change la donne : votre machine votre règle le matin où tout s arrête un clic. un écran figé. votre outil de dictée ne répond plus. un un,cloud,datascience,0.3400337049412824,-0.8484895266293293,1.1885232315706116,18,223,44,cloud,1.1885232315706116,18,True,True,0.0,0
761,cloud,cloud,Minúsculas,pourquoi l ia locale change la donne : votre machine votre règle pourquoi l ia locale change la donne : votre machine votre règle le matin où tout s arrête un clic. un écran figé. votre outil de dictée ne répond plus. un un,pourquoi l ia locale change la donne : votre machine votre règle pourquoi l ia locale change la donne : votre machine votre règle le matin où tout s arrête un clic. un écran figé. votre outil de dictée ne répond plus. un un,cloud,datascience,0.3400337049412824,-0.8484895266293293,1.1885232315706116,18,223,44,cloud,1.1885232315706116,18,True,True,0.0,0
761,cloud,cloud,Mayúsculas,pourquoi l ia locale change la donne : votre machine votre règle pourquoi l ia locale change la donne : votre machine votre règle le matin où tout s arrête un clic. un écran figé. votre outil de dictée ne répond plus. un un,POURQUOI L IA LOCALE CHANGE LA DONNE : VOTRE MACHINE VOTRE RÈGLE POURQUOI L IA LOCALE CHANGE LA DONNE : VOTRE MACHINE VOTRE RÈGLE LE MATIN OÙ TOUT S ARRÊTE UN CLIC. UN ÉCRAN FIGÉ. VOTRE OUTIL DE DICTÉE NE RÉPOND PLUS. UN UN,frontend,cloud,-0.4451063611691545,-0.7587329513838929,0.3136265902147384,0,223,44,cloud,1.1885232315706116,18,False,False,-0.8748966413558732,-18
761,cloud,cloud,Sin puntuación,pourquoi l ia locale change la donne : votre machine votre règle pourquoi l ia locale change la donne : votre machine votre règle le matin où tout s arrête un clic. un écran figé. votre outil de dictée ne répond plus. un un,pourquoi l ia locale change la donne votre machine votre règle pourquoi l ia locale change la donne votre machine votre règle le matin où tout s arrête un clic un écran figé votre outil de dictée ne répond plus un un,cloud,datascience,0.3400337049412824,-0.8484895266293293,1.1885232315706116,18,216,42,cloud,1.1885232315706116,18,True,True,0.0,0
761,cloud,cloud,Espacios irregulares,pourquoi l ia locale change la donne : votre machine votre règle pourquoi l ia locale change la donne : votre machine votre règle le matin où tout s arrête un clic. un écran figé. votre outil de dictée ne répond plus. un un,pourquoi   l   ia   locale   change   la   donne   :   votre   machine   votre   règle   pourquoi   l   ia   locale   change   la   donne   :   votre   machine   votre   règle   le   matin   où   tout   s   arrête   un   clic.   un   écran   figé.   votre   outil   de   dictée   ne   répond   plus.   un   un,cloud,datascience,0.3400337049412824,-0.8484895266293293,1.1885232315706116,18,309,44,cloud,1.1885232315706116,18,True,True,0.0,0
761,cloud,cloud,Errores tipográficos,pourquoi l ia locale change la donne : votre machine votre règle pourquoi l ia locale change la donne : votre machine votre règle le matin où tout s arrête un clic. un écran figé. votre outil de dictée ne répond plus. un un,pourquoi l ia loacle change la donne : votre mahcine votre règle pourquoi l ia loacle change la donne : votre mahcine votre règle le matin où tout s arrête un clic. un écran figé. votre outil de ditcée ne répond plus. un un,cloud,frontend,0.24425886561167542,-0.776556955141076,1.0208158207527513,15,223,44,cloud,1.1885232315706116,18,True,True,-0.16770741081786023,-3
761,cloud,cloud,Texto truncado,pourquoi l ia locale change la donne : votre machine votre règle pourquoi l ia locale change la donne : votre machine votre règle le matin où tout s arrête un clic. un écran figé. votre outil de dictée ne répond plus. un un,pourquoi l ia locale change la donne : votre machine votre règle pourquoi l ia locale change la donne : votre machine,cloud,frontend,0.44273130421591567,-0.5940628273763917,1.0367941315923073,11,117,22,cloud,1.1885232315706116,18,True,True,-0.1517290999783043,-7
761,cloud,cloud,Ruido web,pourquoi l ia locale change la donne : votre machine votre règle pourquoi l ia locale change la donne : votre machine votre règle le matin où tout s arrête un clic. un écran figé. votre outil de dictée ne répond plus. un un,pourquoi l ia locale change la donne : votre machine votre règle pourquoi l ia locale change la donne : votre machine votre règle le matin où tout s arrête un clic. un écran figé. votre outil de dictée ne répond plus. un un https://example.com #tech 🚀,cloud,frontend,0.2594089570374104,-0.8940274332879251,1.1534363903253355,20,251,47,cloud,1.1885232315706116,18,True,True,-0.03508684124527606,2
558,cloud,cloud,Original,sr. architect-a free aws sandbox to learn and simulate sr. architect-a free aws sandbox to learn and simulate two things always slowed me down on new projects: figuring out where an architecture would.,sr. architect-a free aws sandbox to learn and simulate sr. architect-a free aws sandbox to learn and simulate two things always slowed me down on new projects: figuring out where an architecture would.,cloud,backend,0.44666675406825973,-0.5212135038418269,0.9678802579100866,24,201,33,cloud,0.9678802579100866,24,True,True,0.0,0
558,cloud,cloud,Minúsculas,sr. architect-a free aws sandbox to learn and simulate sr. architect-a free aws sandbox to learn and simulate two things always slowed me down on new projects: figuring out where an architecture would.,sr. architect-a free aws sandbox to learn and simulate sr. architect-a free aws sandbox to learn and simulate two things always slowed me down on new projects: figuring out where an architecture would.,cloud,backend,0.44666675406825973,-0.5212135038418269,0.9678802579100866,24,201,33,cloud,0.9678802579100866,24,True,True,0.0,0
558,cloud,cloud,Mayúsculas,sr. architect-a free aws sandbox to learn and simulate sr. architect-a free aws sandbox to learn and simulate two things always slowed me down on new projects: figuring out where an architecture would.,SR. ARCHITECT-A FREE AWS SANDBOX TO LEARN AND SIMULATE SR. ARCHITECT-A FREE AWS SANDBOX TO LEARN AND SIMULATE TWO THINGS ALWAYS SLOWED ME DOWN ON NEW PROJECTS: FIGURING OUT WHERE AN ARCHITECTURE WOULD.,frontend,cloud,-0.4451063611691545,-0.7587329513838929,0.3136265902147384,0,201,33,cloud,0.9678802579100866,24,False,False,-0.6542536676953482,-24
558,cloud,cloud,Sin puntuación,sr. architect-a free aws sandbox to learn and simulate sr. architect-a free aws sandbox to learn and simulate two things always slowed me down on new projects: figuring out where an architecture would.,sr architect a free aws sandbox to learn and simulate sr architect a free aws sandbox to learn and simulate two things always slowed me down on new projects figuring out where an architecture would,cloud,backend,0.3290295030146445,-0.5425139720566498,0.8715434750712943,27,197,35,cloud,0.9678802579100866,24,True,True,-0.09633678283879232,3
558,cloud,cloud,Espacios irregulares,sr. architect-a free aws sandbox to learn and simulate sr. architect-a free aws sandbox to learn and simulate two things always slowed me down on new projects: figuring out where an architecture would.,sr.   architect-a   free   aws   sandbox   to   learn   and   simulate   sr.   architect-a   free   aws   sandbox   to   learn   and   simulate   two   things   always   slowed   me   down   on   new   projects:   figuring   out   where   an   architecture   would.,cloud,backend,0.44666675406825973,-0.5212135038418269,0.9678802579100866,24,265,33,cloud,0.9678802579100866,24,True,True,0.0,0
558,cloud,cloud,Errores tipográficos,sr. architect-a free aws sandbox to learn and simulate sr. architect-a free aws sandbox to learn and simulate two things always slowed me down on new projects: figuring out where an architecture would.,sr. architect-a free aws sadnbox to learn and simulate sr. arhcitect-a free aws sandbox to learn and siumlate two things alawys slowed me down on new prjoects: figuring out where an arhcitecture would.,cloud,backend,0.6140717007453195,-0.702555778667862,1.3166274794131816,20,201,33,cloud,0.9678802579100866,24,True,True,0.348747221503095,-4
558,cloud,cloud,Texto truncado,sr. architect-a free aws sandbox to learn and simulate sr. architect-a free aws sandbox to learn and simulate two things always slowed me down on new projects: figuring out where an architecture would.,sr. architect-a free aws sandbox to learn and simulate sr. architect-a free aws sandbox to learn,cloud,backend,1.185252367585166,-1.4084796831801139,2.59373205076528,9,96,16,cloud,0.9678802579100866,24,True,True,1.6258517928551934,-15
558,cloud,cloud,Ruido web,sr. architect-a free aws sandbox to learn and simulate sr. architect-a free aws sandbox to learn and simulate two things always slowed me down on new projects: figuring out where an architecture would.,sr. architect-a free aws sandbox to learn and simulate sr. architect-a free aws sandbox to learn and simulate two things always slowed me down on new projects: figuring out where an architecture would. https://example.com #tech 🚀,cloud,backend,0.3306029818270003,-0.26049997869555497,0.5911029605225553,26,229,36,cloud,0.9678802579100866,24,True,True,-0.3767772973875313,2
312,cloud,cloud,Original,aws interconnect and the rise of practical multi-cloud architectures aws interconnect and the rise of practical multi-cloud architectures modern enterprises rarely live inside a single cloud anymore. a few years ago cloud strategy. a few years ago a few years ago,aws interconnect and the rise of practical multi-cloud architectures aws interconnect and the rise of practical multi-cloud architectures modern enterprises rarely live inside a single cloud anymore. a few years ago cloud strategy. a few years ago a few years ago,cloud,frontend,1.6536991238235923,-0.596144006066234,2.2498431298898263,31,263,41,cloud,2.2498431298898263,31,True,True,0.0,0
312,cloud,cloud,Minúsculas,aws interconnect and the rise of practical multi-cloud architectures aws interconnect and the rise of practical multi-cloud architectures modern enterprises rarely live inside a single cloud anymore. a few years ago cloud strategy. a few years ago a few years ago,aws interconnect and the rise of practical multi-cloud architectures aws interconnect and the rise of practical multi-cloud architectures modern enterprises rarely live inside a single cloud anymore. a few years ago cloud strategy. a few years ago a few years ago,cloud,frontend,1.6536991238235923,-0.596144006066234,2.2498431298898263,31,263,41,cloud,2.2498431298898263,31,True,True,0.0,0
312,cloud,cloud,Mayúsculas,aws interconnect and the rise of practical multi-cloud architectures aws interconnect and the rise of practical multi-cloud architectures modern enterprises rarely live inside a single cloud anymore. a few years ago cloud strategy. a few years ago a few years ago,AWS INTERCONNECT AND THE RISE OF PRACTICAL MULTI-CLOUD ARCHITECTURES AWS INTERCONNECT AND THE RISE OF PRACTICAL MULTI-CLOUD ARCHITECTURES MODERN ENTERPRISES RARELY LIVE INSIDE A SINGLE CLOUD ANYMORE. A FEW YEARS AGO CLOUD STRATEGY. A FEW YEARS AGO A FEW YEARS AGO,frontend,cloud,-0.4451063611691545,-0.7587329513838929,0.3136265902147384,0,263,41,cloud,2.2498431298898263,31,False,False,-1.9362165396750879,-31
312,cloud,cloud,Sin puntuación,aws interconnect and the rise of practical multi-cloud architectures aws interconnect and the rise of practical multi-cloud architectures modern enterprises rarely live inside a single cloud anymore. a few years ago cloud strategy. a few years ago a few years ago,aws interconnect and the rise of practical multi cloud architectures aws interconnect and the rise of practical multi cloud architectures modern enterprises rarely live inside a single cloud anymore a few years ago cloud strategy a few years ago a few years ago,cloud,frontend,1.6591419395665241,-0.7014152122919466,2.3605571518584707,32,261,43,cloud,2.2498431298898263,31,True,True,0.11071402196864444,1
312,cloud,cloud,Espacios irregulares,aws interconnect and the rise of practical multi-cloud architectures aws interconnect and the rise of practical multi-cloud architectures modern enterprises rarely live inside a single cloud anymore. a few years ago cloud strategy. a few years ago a few years ago,aws   interconnect   and   the   rise   of   practical   multi-cloud   architectures   aws   interconnect   and   the   rise   of   practical   multi-cloud   architectures   modern   enterprises   rarely   live   inside   a   single   cloud   anymore.   a   few   years   ago   cloud   strategy.   a   few   years   ago   a   few   years   ago,cloud,frontend,1.6536991238235923,-0.596144006066234,2.2498431298898263,31,343,41,cloud,2.2498431298898263,31,True,True,0.0,0
312,cloud,cloud,Errores tipográficos,aws interconnect and the rise of practical multi-cloud architectures aws interconnect and the rise of practical multi-cloud architectures modern enterprises rarely live inside a single cloud anymore. a few years ago cloud strategy. a few years ago a few years ago,aws interconnect and the rise of prcatical multi-cloud arhcitectures aws interconnect and the rise of prcatical multi-cloud arhcitectures modern enetrprises rarely live inisde a single cloud anmyore. a few years ago cloud strategy. a few years ago a few years ago,cloud,frontend,1.5932257142057829,-0.808470387010509,2.4016961012162916,25,263,41,cloud,2.2498431298898263,31,True,True,0.15185297132646536,-6
312,cloud,cloud,Texto truncado,aws interconnect and the rise of practical multi-cloud architectures aws interconnect and the rise of practical multi-cloud architectures modern enterprises rarely live inside a single cloud anymore. a few years ago cloud strategy. a few years ago a few years ago,aws interconnect and the rise of practical multi-cloud architectures aws interconnect and the rise of practical multi-cloud architectures modern enterprises,cloud,frontend,0.8801183530953168,-0.4213219669627335,1.3014403200580502,13,156,20,cloud,2.2498431298898263,31,True,True,-0.948402809831776,-18
312,cloud,cloud,Ruido web,aws interconnect and the rise of practical multi-cloud architectures aws interconnect and the rise of practical multi-cloud architectures modern enterprises rarely live inside a single cloud anymore. a few years ago cloud strategy. a few years ago a few years ago,aws interconnect and the rise of practical multi-cloud architectures aws interconnect and the rise of practical multi-cloud architectures modern enterprises rarely live inside a single cloud anymore. a few years ago cloud strategy. a few years ago a few years ago https://example.com #tech 🚀,cloud,frontend,1.5459429468146415,-0.617657813065194,2.1636007598798352,33,291,44,cloud,2.2498431298898263,31,True,True,-0.08624237000999102,2
546,cloud,cloud,Original,zero-touch oauth for mcp azure serverless ai agents gitlab 19.0 ai devsecops zero-touch oauth for mcp azure serverless ai agents gitlab 19.0 ai devsecops zero-touch oauth for mcp azure serverless ai agents gitlab 19.0 ai devsecops gitlab mcp zero ai azure serverless ai agents gitlab mcp zero ai azure serverless ai agents,zero-touch oauth for mcp azure serverless ai agents gitlab 19.0 ai devsecops zero-touch oauth for mcp azure serverless ai agents gitlab 19.0 ai devsecops zero-touch oauth for mcp azure serverless ai agents gitlab 19.0 ai devsecops gitlab mcp zero ai azure serverless ai agents gitlab mcp zero ai azure serverless ai agents,cloud,frontend,1.448660714603315,-0.5839677265659622,2.032628441169277,11,322,52,cloud,2.032628441169277,11,True,True,0.0,0
546,cloud,cloud,Minúsculas,zero-touch oauth for mcp azure serverless ai agents gitlab 19.0 ai devsecops zero-touch oauth for mcp azure serverless ai agents gitlab 19.0 ai devsecops zero-touch oauth for mcp azure serverless ai agents gitlab 19.0 ai devsecops gitlab mcp zero ai azure serverless ai agents gitlab mcp zero ai azure serverless ai agents,zero-touch oauth for mcp azure serverless ai agents gitlab 19.0 ai devsecops zero-touch oauth for mcp azure serverless ai agents gitlab 19.0 ai devsecops zero-touch oauth for mcp azure serverless ai agents gitlab 19.0 ai devsecops gitlab mcp zero ai azure serverless ai agents gitlab mcp zero ai azure serverless ai agents,cloud,frontend,1.448660714603315,-0.5839677265659622,2.032628441169277,11,322,52,cloud,2.032628441169277,11,True,True,0.0,0
546,cloud,cloud,Mayúsculas,zero-touch oauth for mcp azure serverless ai agents gitlab 19.0 ai devsecops zero-touch oauth for mcp azure serverless ai agents gitlab 19.0 ai devsecops zero-touch oauth for mcp azure serverless ai agents gitlab 19.0 ai devsecops gitlab mcp zero ai azure serverless ai agents gitlab mcp zero ai azure serverless ai agents,ZERO-TOUCH OAUTH FOR MCP AZURE SERVERLESS AI AGENTS GITLAB 19.0 AI DEVSECOPS ZERO-TOUCH OAUTH FOR MCP AZURE SERVERLESS AI AGENTS GITLAB 19.0 AI DEVSECOPS ZERO-TOUCH OAUTH FOR MCP AZURE SERVERLESS AI AGENTS GITLAB 19.0 AI DEVSECOPS GITLAB MCP ZERO AI AZURE SERVERLESS AI AGENTS GITLAB MCP ZERO AI AZURE SERVERLESS AI AGENTS,frontend,cloud,-0.4451063611691545,-0.7587329513838929,0.3136265902147384,0,322,52,cloud,2.032628441169277,11,False,False,-1.7190018509545386,-11
546,cloud,cloud,Sin puntuación,zero-touch oauth for mcp azure serverless ai agents gitlab 19.0 ai devsecops zero-touch oauth for mcp azure serverless ai agents gitlab 19.0 ai devsecops zero-touch oauth for mcp azure serverless ai agents gitlab 19.0 ai devsecops gitlab mcp zero ai azure serverless ai agents gitlab mcp zero ai azure serverless ai agents,zero touch oauth for mcp azure serverless ai agents gitlab 19 0 ai devsecops zero touch oauth for mcp azure serverless ai agents gitlab 19 0 ai devsecops zero touch oauth for mcp azure serverless ai agents gitlab 19 0 ai devsecops gitlab mcp zero ai azure serverless ai agents gitlab mcp zero ai azure serverless ai agents,cloud,frontend,0.9871707657627863,-0.6789911207629797,1.666161886525766,14,322,58,cloud,2.032628441169277,11,True,True,-0.3664665546435111,3
546,cloud,cloud,Espacios irregulares,zero-touch oauth for mcp azure serverless ai agents gitlab 19.0 ai devsecops zero-touch oauth for mcp azure serverless ai agents gitlab 19.0 ai devsecops zero-touch oauth for mcp azure serverless ai agents gitlab 19.0 ai devsecops gitlab mcp zero ai azure serverless ai agents gitlab mcp zero ai azure serverless ai agents,zero-touch   oauth   for   mcp   azure   serverless   ai   agents   gitlab   19.0   ai   devsecops   zero-touch   oauth   for   mcp   azure   serverless   ai   agents   gitlab   19.0   ai   devsecops   zero-touch   oauth   for   mcp   azure   serverless   ai   agents   gitlab   19.0   ai   devsecops   gitlab   mcp   zero   ai   azure   serverless   ai   agents   gitlab   mcp   zero   ai   azure   serverless   ai   agents,cloud,frontend,1.448660714603315,-0.5839677265659622,2.032628441169277,11,424,52,cloud,2.032628441169277,11,True,True,0.0,0
546,cloud,cloud,Errores tipográficos,zero-touch oauth for mcp azure serverless ai agents gitlab 19.0 ai devsecops zero-touch oauth for mcp azure serverless ai agents gitlab 19.0 ai devsecops zero-touch oauth for mcp azure serverless ai agents gitlab 19.0 ai devsecops gitlab mcp zero ai azure serverless ai agents gitlab mcp zero ai azure serverless ai agents,zero-touch oauth for mcp azure sevrerless ai agents giltab 19.0 ai devsecops zeor-touch oauth for mcp azure serverless ai agnets gitlab 19.0 ai desvecops zero-touch oauth for mcp azure sevrerless ai agents giltab 19.0 ai devsecops giltab mcp zero ai azure serverless ai agnets gitlab mcp zero ai azure sevrerless ai agents,cloud,frontend,1.7267005218049083,-0.735697235734505,2.462397757539413,11,322,52,cloud,2.032628441169277,11,True,True,0.42976931637013616,0
546,cloud,cloud,Texto truncado,zero-touch oauth for mcp azure serverless ai agents gitlab 19.0 ai devsecops zero-touch oauth for mcp azure serverless ai agents gitlab 19.0 ai devsecops zero-touch oauth for mcp azure serverless ai agents gitlab 19.0 ai devsecops gitlab mcp zero ai azure serverless ai agents gitlab mcp zero ai azure serverless ai agents,zero-touch oauth for mcp azure serverless ai agents gitlab 19.0 ai devsecops zero-touch oauth for mcp azure serverless ai agents gitlab 19.0 ai devsecops zero-touch oauth,cloud,frontend,1.209976087452152,-0.34592644322916954,1.5559025306813214,10,170,26,cloud,2.032628441169277,11,True,True,-0.47672591048795554,-1
546,cloud,cloud,Ruido web,zero-touch oauth for mcp azure serverless ai agents gitlab 19.0 ai devsecops zero-touch oauth for mcp azure serverless ai agents gitlab 19.0 ai devsecops zero-touch oauth for mcp azure serverless ai agents gitlab 19.0 ai devsecops gitlab mcp zero ai azure serverless ai agents gitlab mcp zero ai azure serverless ai agents,zero-touch oauth for mcp azure serverless ai agents gitlab 19.0 ai devsecops zero-touch oauth for mcp azure serverless ai agents gitlab 19.0 ai devsecops zero-touch oauth for mcp azure serverless ai agents gitlab 19.0 ai devsecops gitlab mcp zero ai azure serverless ai agents gitlab mcp zero ai azure serverless ai agents https://example.com #tech 🚀,cloud,frontend,1.345066739956709,-0.6057169198596908,1.9507836598163997,13,350,55,cloud,2.032628441169277,11,True,True,-0.08184478135287732,2
905,cloud,cloud,Original,what is infrastructure as code a beginner s guide what is infrastructure as code a beginner s guide a plain-english beginner s guide to infrastructure as code iac : what it is the problem it solves how declarative tools like terraform work and how to start managing servers and cloud resources with code instead of clicks. terraform english infrastructure as code terraform english infrastructure as code,what is infrastructure as code a beginner s guide what is infrastructure as code a beginner s guide a plain-english beginner s guide to infrastructure as code iac : what it is the problem it solves how declarative tools like terraform work and how to start managing servers and cloud resources with code instead of clicks. terraform english infrastructure as code terraform english infrastructure as code,cloud,frontend,1.6027014899170817,-1.2508160055226423,2.853517495439724,53,404,66,cloud,2.853517495439724,53,True,True,0.0,0
905,cloud,cloud,Minúsculas,what is infrastructure as code a beginner s guide what is infrastructure as code a beginner s guide a plain-english beginner s guide to infrastructure as code iac : what it is the problem it solves how declarative tools like terraform work and how to start managing servers and cloud resources with code instead of clicks. terraform english infrastructure as code terraform english infrastructure as code,what is infrastructure as code a beginner s guide what is infrastructure as code a beginner s guide a plain-english beginner s guide to infrastructure as code iac : what it is the problem it solves how declarative tools like terraform work and how to start managing servers and cloud resources with code instead of clicks. terraform english infrastructure as code terraform english infrastructure as code,cloud,frontend,1.6027014899170817,-1.2508160055226423,2.853517495439724,53,404,66,cloud,2.853517495439724,53,True,True,0.0,0
905,cloud,cloud,Mayúsculas,what is infrastructure as code a beginner s guide what is infrastructure as code a beginner s guide a plain-english beginner s guide to infrastructure as code iac : what it is the problem it solves how declarative tools like terraform work and how to start managing servers and cloud resources with code instead of clicks. terraform english infrastructure as code terraform english infrastructure as code,WHAT IS INFRASTRUCTURE AS CODE A BEGINNER S GUIDE WHAT IS INFRASTRUCTURE AS CODE A BEGINNER S GUIDE A PLAIN-ENGLISH BEGINNER S GUIDE TO INFRASTRUCTURE AS CODE IAC : WHAT IT IS THE PROBLEM IT SOLVES HOW DECLARATIVE TOOLS LIKE TERRAFORM WORK AND HOW TO START MANAGING SERVERS AND CLOUD RESOURCES WITH CODE INSTEAD OF CLICKS. TERRAFORM ENGLISH INFRASTRUCTURE AS CODE TERRAFORM ENGLISH INFRASTRUCTURE AS CODE,frontend,cloud,-0.4451063611691545,-0.7587329513838929,0.3136265902147384,0,404,66,cloud,2.853517495439724,53,False,False,-2.5398909052249854,-53
905,cloud,cloud,Sin puntuación,what is infrastructure as code a beginner s guide what is infrastructure as code a beginner s guide a plain-english beginner s guide to infrastructure as code iac : what it is the problem it solves how declarative tools like terraform work and how to start managing servers and cloud resources with code instead of clicks. terraform english infrastructure as code terraform english infrastructure as code,what is infrastructure as code a beginner s guide what is infrastructure as code a beginner s guide a plain english beginner s guide to infrastructure as code iac what it is the problem it solves how declarative tools like terraform work and how to start managing servers and cloud resources with code instead of clicks terraform english infrastructure as code terraform english infrastructure as code,cloud,frontend,1.5098393760868514,-1.2835339851062542,2.7933733611931055,54,401,66,cloud,2.853517495439724,53,True,True,-0.060144134246618464,1
905,cloud,cloud,Espacios irregulares,what is infrastructure as code a beginner s guide what is infrastructure as code a beginner s guide a plain-english beginner s guide to infrastructure as code iac : what it is the problem it solves how declarative tools like terraform work and how to start managing servers and cloud resources with code instead of clicks. terraform english infrastructure as code terraform english infrastructure as code,what   is   infrastructure   as   code   a   beginner   s   guide   what   is   infrastructure   as   code   a   beginner   s   guide   a   plain-english   beginner   s   guide   to   infrastructure   as   code   iac   :   what   it   is   the   problem   it   solves   how   declarative   tools   like   terraform   work   and   how   to   start   managing   servers   and   cloud   resources   with   code   instead   of   clicks.   terraform   english   infrastructure   as   code   terraform   english   infrastructure   as   code,cloud,frontend,1.6027014899170817,-1.2508160055226423,2.853517495439724,53,534,66,cloud,2.853517495439724,53,True,True,0.0,0
905,cloud,cloud,Errores tipográficos,what is infrastructure as code a beginner s guide what is infrastructure as code a beginner s guide a plain-english beginner s guide to infrastructure as code iac : what it is the problem it solves how declarative tools like terraform work and how to start managing servers and cloud resources with code instead of clicks. terraform english infrastructure as code terraform english infrastructure as code,what is infrastructure as code a beignner s guide what is infrastructure as code a beignner s guide a plain-english beignner s guide to infrastructure as code iac : what it is the prbolem it solves how delcarative tools like terraform work and how to start maanging servers and cloud reosurces with code instead of clciks. terraform enlgish infrastructure as code terraform english inrfastructure as code,cloud,frontend,1.5050598510092383,-1.0534845909076647,2.558544441916903,44,404,66,cloud,2.853517495439724,53,True,True,-0.294973053522821,-9
905,cloud,cloud,Texto truncado,what is infrastructure as code a beginner s guide what is infrastructure as code a beginner s guide a plain-english beginner s guide to infrastructure as code iac : what it is the problem it solves how declarative tools like terraform work and how to start managing servers and cloud resources with code instead of clicks. terraform english infrastructure as code terraform english infrastructure as code,what is infrastructure as code a beginner s guide what is infrastructure as code a beginner s guide a plain-english beginner s guide to infrastructure as code iac : what it is the,cloud,frontend,0.8483883618954414,-0.4914336682695967,1.339822030165038,25,179,33,cloud,2.853517495439724,53,True,True,-1.513695465274686,-28
905,cloud,cloud,Ruido web,what is infrastructure as code a beginner s guide what is infrastructure as code a beginner s guide a plain-english beginner s guide to infrastructure as code iac : what it is the problem it solves how declarative tools like terraform work and how to start managing servers and cloud resources with code instead of clicks. terraform english infrastructure as code terraform english infrastructure as code,what is infrastructure as code a beginner s guide what is infrastructure as code a beginner s guide a plain-english beginner s guide to infrastructure as code iac : what it is the problem it solves how declarative tools like terraform work and how to start managing servers and cloud resources with code instead of clicks. terraform english infrastructure as code terraform english infrastructure as code https://example.com #tech 🚀,cloud,frontend,1.5243468270274585,-1.2601649917736122,2.7845118188010707,55,432,69,cloud,2.853517495439724,53,True,True,-0.06900567663865331,2
564,cloud,cloud,Original,your cloud migration succeeded. so why aren t you seeing the benefits your cloud migration succeeded. so why aren t you seeing the benefits for many organizations cloud migration is considered a major milestone. applications have been.,your cloud migration succeeded. so why aren t you seeing the benefits your cloud migration succeeded. so why aren t you seeing the benefits for many organizations cloud migration is considered a major milestone. applications have been.,cloud,backend,1.64144826219965,-1.383389490833636,3.024837753033286,30,235,37,cloud,3.024837753033286,30,True,True,0.0,0
564,cloud,cloud,Minúsculas,your cloud migration succeeded. so why aren t you seeing the benefits your cloud migration succeeded. so why aren t you seeing the benefits for many organizations cloud migration is considered a major milestone. applications have been.,your cloud migration succeeded. so why aren t you seeing the benefits your cloud migration succeeded. so why aren t you seeing the benefits for many organizations cloud migration is considered a major milestone. applications have been.,cloud,backend,1.64144826219965,-1.383389490833636,3.024837753033286,30,235,37,cloud,3.024837753033286,30,True,True,0.0,0
564,cloud,cloud,Mayúsculas,your cloud migration succeeded. so why aren t you seeing the benefits your cloud migration succeeded. so why aren t you seeing the benefits for many organizations cloud migration is considered a major milestone. applications have been.,YOUR CLOUD MIGRATION SUCCEEDED. SO WHY AREN T YOU SEEING THE BENEFITS YOUR CLOUD MIGRATION SUCCEEDED. SO WHY AREN T YOU SEEING THE BENEFITS FOR MANY ORGANIZATIONS CLOUD MIGRATION IS CONSIDERED A MAJOR MILESTONE. APPLICATIONS HAVE BEEN.,frontend,cloud,-0.4451063611691545,-0.7587329513838929,0.3136265902147384,0,235,37,cloud,3.024837753033286,30,False,False,-2.7112111628185476,-30
564,cloud,cloud,Sin puntuación,your cloud migration succeeded. so why aren t you seeing the benefits your cloud migration succeeded. so why aren t you seeing the benefits for many organizations cloud migration is considered a major milestone. applications have been.,your cloud migration succeeded so why aren t you seeing the benefits your cloud migration succeeded so why aren t you seeing the benefits for many organizations cloud migration is considered a major milestone applications have been,cloud,backend,1.64144826219965,-1.383389490833636,3.024837753033286,30,231,37,cloud,3.024837753033286,30,True,True,0.0,0
564,cloud,cloud,Espacios irregulares,your cloud migration succeeded. so why aren t you seeing the benefits your cloud migration succeeded. so why aren t you seeing the benefits for many organizations cloud migration is considered a major milestone. applications have been.,your   cloud   migration   succeeded.   so   why   aren   t   you   seeing   the   benefits   your   cloud   migration   succeeded.   so   why   aren   t   you   seeing   the   benefits   for   many   organizations   cloud   migration   is   considered   a   major   milestone.   applications   have   been.,cloud,backend,1.64144826219965,-1.383389490833636,3.024837753033286,30,307,37,cloud,3.024837753033286,30,True,True,0.0,0
564,cloud,cloud,Errores tipográficos,your cloud migration succeeded. so why aren t you seeing the benefits your cloud migration succeeded. so why aren t you seeing the benefits for many organizations cloud migration is considered a major milestone. applications have been.,your cloud migration succeeded. so why aren t you seeing the beenfits your cloud migration succeeded. so why aren t you seeing the beenfits for many organizations cloud mirgation is considered a major mielstone. applications have been.,cloud,backend,1.6235074602005874,-1.253971984320355,2.8774794445209424,26,235,37,cloud,3.024837753033286,30,True,True,-0.14735830851234377,-4
564,cloud,cloud,Texto truncado,your cloud migration succeeded. so why aren t you seeing the benefits your cloud migration succeeded. so why aren t you seeing the benefits for many organizations cloud migration is considered a major milestone. applications have been.,your cloud migration succeeded. so why aren t you seeing the benefits your cloud migration succeeded. so why,cloud,backend,1.7084295890404166,-1.036866878468361,2.7452964675087776,15,108,18,cloud,3.024837753033286,30,True,True,-0.2795412855245085,-15
564,cloud,cloud,Ruido web,your cloud migration succeeded. so why aren t you seeing the benefits your cloud migration succeeded. so why aren t you seeing the benefits for many organizations cloud migration is considered a major milestone. applications have been.,your cloud migration succeeded. so why aren t you seeing the benefits your cloud migration succeeded. so why aren t you seeing the benefits for many organizations cloud migration is considered a major milestone. applications have been. https://example.com #tech 🚀,cloud,backend,1.5236658646919716,-1.1459572669950207,2.6696231316869925,32,263,40,cloud,3.024837753033286,30,True,True,-0.35521462134629367,2
86,datascience,datascience,Original,your pipeline is 14.9h behind: catching data science sentiment leads with pulsebit your pipeline is 14.9h behind: catching data science sentiment leads with pulsebit your pipeline just missed a 24h momentum spike of +0.475. this isn t just a minor oversight it.,your pipeline is 14.9h behind: catching data science sentiment leads with pulsebit your pipeline is 14.9h behind: catching data science sentiment leads with pulsebit your pipeline just missed a 24h momentum spike of +0.475. this isn t just a minor oversight it.,datascience,frontend,2.7588035145796534,-1.8916061241829407,4.650409638762595,45,261,42,datascience,4.650409638762595,45,True,True,0.0,0
86,datascience,datascience,Minúsculas,your pipeline is 14.9h behind: catching data science sentiment leads with pulsebit your pipeline is 14.9h behind: catching data science sentiment leads with pulsebit your pipeline just missed a 24h momentum spike of +0.475. this isn t just a minor oversight it.,your pipeline is 14.9h behind: catching data science sentiment leads with pulsebit your pipeline is 14.9h behind: catching data science sentiment leads with pulsebit your pipeline just missed a 24h momentum spike of +0.475. this isn t just a minor oversight it.,datascience,frontend,2.7588035145796534,-1.8916061241829407,4.650409638762595,45,261,42,datascience,4.650409638762595,45,True,True,0.0,0
86,datascience,datascience,Mayúsculas,your pipeline is 14.9h behind: catching data science sentiment leads with pulsebit your pipeline is 14.9h behind: catching data science sentiment leads with pulsebit your pipeline just missed a 24h momentum spike of +0.475. this isn t just a minor oversight it.,YOUR PIPELINE IS 14.9H BEHIND: CATCHING DATA SCIENCE SENTIMENT LEADS WITH PULSEBIT YOUR PIPELINE IS 14.9H BEHIND: CATCHING DATA SCIENCE SENTIMENT LEADS WITH PULSEBIT YOUR PIPELINE JUST MISSED A 24H MOMENTUM SPIKE OF +0.475. THIS ISN T JUST A MINOR OVERSIGHT IT.,frontend,cloud,-0.4451063611691545,-0.7587329513838929,0.3136265902147384,0,261,42,datascience,4.650409638762595,45,False,False,-4.336783048547856,-45
86,datascience,datascience,Sin puntuación,your pipeline is 14.9h behind: catching data science sentiment leads with pulsebit your pipeline is 14.9h behind: catching data science sentiment leads with pulsebit your pipeline just missed a 24h momentum spike of +0.475. this isn t just a minor oversight it.,your pipeline is 14 9h behind catching data science sentiment leads with pulsebit your pipeline is 14 9h behind catching data science sentiment leads with pulsebit your pipeline just missed a 24h momentum spike of 0 475 this isn t just a minor oversight it,datascience,backend,3.1478526600914294,-1.9911775998258858,5.139030259917315,44,256,45,datascience,4.650409638762595,45,True,True,0.4886206211547206,-1
86,datascience,datascience,Espacios irregulares,your pipeline is 14.9h behind: catching data science sentiment leads with pulsebit your pipeline is 14.9h behind: catching data science sentiment leads with pulsebit your pipeline just missed a 24h momentum spike of +0.475. this isn t just a minor oversight it.,your   pipeline   is   14.9h   behind:   catching   data   science   sentiment   leads   with   pulsebit   your   pipeline   is   14.9h   behind:   catching   data   science   sentiment   leads   with   pulsebit   your   pipeline   just   missed   a   24h   momentum   spike   of   +0.475.   this   isn   t   just   a   minor   oversight   it.,datascience,frontend,2.7588035145796534,-1.8916061241829407,4.650409638762595,45,343,42,datascience,4.650409638762595,45,True,True,0.0,0
86,datascience,datascience,Errores tipográficos,your pipeline is 14.9h behind: catching data science sentiment leads with pulsebit your pipeline is 14.9h behind: catching data science sentiment leads with pulsebit your pipeline just missed a 24h momentum spike of +0.475. this isn t just a minor oversight it.,your pipeline is 14.9h beihnd: catching data sceince sentiment leads with puslebit your pipeline is 14.9h beihnd: catching data sceince sentiment leads with puslebit your pipeline just missed a 24h momentum spike of +04.75. this isn t just a minor oversight it.,datascience,backend,1.7700227299076974,-1.5267672616192036,3.296789991526901,36,261,42,datascience,4.650409638762595,45,True,True,-1.3536196472356936,-9
86,datascience,datascience,Texto truncado,your pipeline is 14.9h behind: catching data science sentiment leads with pulsebit your pipeline is 14.9h behind: catching data science sentiment leads with pulsebit your pipeline just missed a 24h momentum spike of +0.475. this isn t just a minor oversight it.,your pipeline is 14.9h behind: catching data science sentiment leads with pulsebit your pipeline is 14.9h behind: catching data science sentiment,datascience,frontend,2.889736100919438,-1.738647247612898,4.628383348532337,24,145,21,datascience,4.650409638762595,45,True,True,-0.022026290230257928,-21
86,datascience,datascience,Ruido web,your pipeline is 14.9h behind: catching data science sentiment leads with pulsebit your pipeline is 14.9h behind: catching data science sentiment leads with pulsebit your pipeline just missed a 24h momentum spike of +0.475. this isn t just a minor oversight it.,your pipeline is 14.9h behind: catching data science sentiment leads with pulsebit your pipeline is 14.9h behind: catching data science sentiment leads with pulsebit your pipeline just missed a 24h momentum spike of +0.475. this isn t just a minor oversight it. https://example.com #tech 🚀,datascience,backend,2.603997762574498,-1.760354159721111,4.364351922295609,47,289,45,datascience,4.650409638762595,45,True,True,-0.28605771646698575,2
217,datascience,datascience,Original,your pipeline is 27.8h behind: catching travel sentiment leads with pulsebit your pipeline is 27.8h behind: catching travel sentiment leads with pulsebit your pipeline is 27.8h behind: catching travel sentiment leads with pulsebit we ve just. 27.8h 27.8h,your pipeline is 27.8h behind: catching travel sentiment leads with pulsebit your pipeline is 27.8h behind: catching travel sentiment leads with pulsebit your pipeline is 27.8h behind: catching travel sentiment leads with pulsebit we ve just. 27.8h 27.8h,datascience,frontend,1.479252770953599,-1.3698078592085152,2.849060630162114,28,254,38,datascience,2.849060630162114,28,True,True,0.0,0
217,datascience,datascience,Minúsculas,your pipeline is 27.8h behind: catching travel sentiment leads with pulsebit your pipeline is 27.8h behind: catching travel sentiment leads with pulsebit your pipeline is 27.8h behind: catching travel sentiment leads with pulsebit we ve just. 27.8h 27.8h,your pipeline is 27.8h behind: catching travel sentiment leads with pulsebit your pipeline is 27.8h behind: catching travel sentiment leads with pulsebit your pipeline is 27.8h behind: catching travel sentiment leads with pulsebit we ve just. 27.8h 27.8h,datascience,frontend,1.479252770953599,-1.3698078592085152,2.849060630162114,28,254,38,datascience,2.849060630162114,28,True,True,0.0,0
217,datascience,datascience,Mayúsculas,your pipeline is 27.8h behind: catching travel sentiment leads with pulsebit your pipeline is 27.8h behind: catching travel sentiment leads with pulsebit your pipeline is 27.8h behind: catching travel sentiment leads with pulsebit we ve just. 27.8h 27.8h,YOUR PIPELINE IS 27.8H BEHIND: CATCHING TRAVEL SENTIMENT LEADS WITH PULSEBIT YOUR PIPELINE IS 27.8H BEHIND: CATCHING TRAVEL SENTIMENT LEADS WITH PULSEBIT YOUR PIPELINE IS 27.8H BEHIND: CATCHING TRAVEL SENTIMENT LEADS WITH PULSEBIT WE VE JUST. 27.8H 27.8H,frontend,cloud,-0.4451063611691545,-0.7587329513838929,0.3136265902147384,0,254,38,datascience,2.849060630162114,28,False,False,-2.5354340399473756,-28
217,datascience,datascience,Sin puntuación,your pipeline is 27.8h behind: catching travel sentiment leads with pulsebit your pipeline is 27.8h behind: catching travel sentiment leads with pulsebit your pipeline is 27.8h behind: catching travel sentiment leads with pulsebit we ve just. 27.8h 27.8h,your pipeline is 27 8h behind catching travel sentiment leads with pulsebit your pipeline is 27 8h behind catching travel sentiment leads with pulsebit your pipeline is 27 8h behind catching travel sentiment leads with pulsebit we ve just 27 8h 27 8h,datascience,frontend,1.7898389952740654,-1.4086841073198673,3.1985231025939327,26,250,43,datascience,2.849060630162114,28,True,True,0.3494624724318185,-2
217,datascience,datascience,Espacios irregulares,your pipeline is 27.8h behind: catching travel sentiment leads with pulsebit your pipeline is 27.8h behind: catching travel sentiment leads with pulsebit your pipeline is 27.8h behind: catching travel sentiment leads with pulsebit we ve just. 27.8h 27.8h,your   pipeline   is   27.8h   behind:   catching   travel   sentiment   leads   with   pulsebit   your   pipeline   is   27.8h   behind:   catching   travel   sentiment   leads   with   pulsebit   your   pipeline   is   27.8h   behind:   catching   travel   sentiment   leads   with   pulsebit   we   ve   just.   27.8h   27.8h,datascience,frontend,1.479252770953599,-1.3698078592085152,2.849060630162114,28,328,38,datascience,2.849060630162114,28,True,True,0.0,0
217,datascience,datascience,Errores tipográficos,your pipeline is 27.8h behind: catching travel sentiment leads with pulsebit your pipeline is 27.8h behind: catching travel sentiment leads with pulsebit your pipeline is 27.8h behind: catching travel sentiment leads with pulsebit we ve just. 27.8h 27.8h,your pipeline is 27.8h beihnd: catching trvael sentiment leads with puslebit your pipeline is 27.8h beihnd: catching trvael sentiment leads with puslebit your pipeline is 27.8h beihnd: catching trvael sentiment leads with puslebit we ve just. 27.8h 27.8h,datascience,frontend,1.2711872210274033,-1.2016707107038656,2.472857931731269,18,254,38,datascience,2.849060630162114,28,True,True,-0.3762026984308453,-10
217,datascience,datascience,Texto truncado,your pipeline is 27.8h behind: catching travel sentiment leads with pulsebit your pipeline is 27.8h behind: catching travel sentiment leads with pulsebit your pipeline is 27.8h behind: catching travel sentiment leads with pulsebit we ve just. 27.8h 27.8h,your pipeline is 27.8h behind: catching travel sentiment leads with pulsebit your pipeline is 27.8h behind: catching travel sentiment,datascience,backend,1.2155522955035498,-1.3980014735977313,2.613553769101281,22,133,19,datascience,2.849060630162114,28,True,True,-0.2355068610608333,-6
217,datascience,datascience,Ruido web,your pipeline is 27.8h behind: catching travel sentiment leads with pulsebit your pipeline is 27.8h behind: catching travel sentiment leads with pulsebit your pipeline is 27.8h behind: catching travel sentiment leads with pulsebit we ve just. 27.8h 27.8h,your pipeline is 27.8h behind: catching travel sentiment leads with pulsebit your pipeline is 27.8h behind: catching travel sentiment leads with pulsebit your pipeline is 27.8h behind: catching travel sentiment leads with pulsebit we ve just. 27.8h 27.8h https://example.com #tech 🚀,datascience,backend,1.3532106459242037,-1.2153840928866495,2.5685947388108534,30,282,41,datascience,2.849060630162114,28,True,True,-0.28046589135126077,2
804,datascience,datascience,Original,scraping linkedin company employees without a login and without flagging your account scraping linkedin company employees without a login and without flagging your account every linkedin scraper i tried fell into one of two buckets. either it wanted my session cookies linkedin linkedin,scraping linkedin company employees without a login and without flagging your account scraping linkedin company employees without a login and without flagging your account every linkedin scraper i tried fell into one of two buckets. either it wanted my session cookies linkedin linkedin,datascience,backend,-0.32225149186741364,-0.7632747752351686,0.441023283367755,29,286,43,datascience,0.441023283367755,29,True,True,0.0,0
804,datascience,datascience,Minúsculas,scraping linkedin company employees without a login and without flagging your account scraping linkedin company employees without a login and without flagging your account every linkedin scraper i tried fell into one of two buckets. either it wanted my session cookies linkedin linkedin,scraping linkedin company employees without a login and without flagging your account scraping linkedin company employees without a login and without flagging your account every linkedin scraper i tried fell into one of two buckets. either it wanted my session cookies linkedin linkedin,datascience,backend,-0.32225149186741364,-0.7632747752351686,0.441023283367755,29,286,43,datascience,0.441023283367755,29,True,True,0.0,0
804,datascience,datascience,Mayúsculas,scraping linkedin company employees without a login and without flagging your account scraping linkedin company employees without a login and without flagging your account every linkedin scraper i tried fell into one of two buckets. either it wanted my session cookies linkedin linkedin,SCRAPING LINKEDIN COMPANY EMPLOYEES WITHOUT A LOGIN AND WITHOUT FLAGGING YOUR ACCOUNT SCRAPING LINKEDIN COMPANY EMPLOYEES WITHOUT A LOGIN AND WITHOUT FLAGGING YOUR ACCOUNT EVERY LINKEDIN SCRAPER I TRIED FELL INTO ONE OF TWO BUCKETS. EITHER IT WANTED MY SESSION COOKIES LINKEDIN LINKEDIN,frontend,cloud,-0.4451063611691545,-0.7587329513838929,0.3136265902147384,0,286,43,datascience,0.441023283367755,29,False,False,-0.1273966931530166,-29
804,datascience,datascience,Sin puntuación,scraping linkedin company employees without a login and without flagging your account scraping linkedin company employees without a login and without flagging your account every linkedin scraper i tried fell into one of two buckets. either it wanted my session cookies linkedin linkedin,scraping linkedin company employees without a login and without flagging your account scraping linkedin company employees without a login and without flagging your account every linkedin scraper i tried fell into one of two buckets either it wanted my session cookies linkedin linkedin,datascience,backend,-0.32225149186741364,-0.7632747752351686,0.441023283367755,29,285,43,datascience,0.441023283367755,29,True,True,0.0,0
804,datascience,datascience,Espacios irregulares,scraping linkedin company employees without a login and without flagging your account scraping linkedin company employees without a login and without flagging your account every linkedin scraper i tried fell into one of two buckets. either it wanted my session cookies linkedin linkedin,scraping   linkedin   company   employees   without   a   login   and   without   flagging   your   account   scraping   linkedin   company   employees   without   a   login   and   without   flagging   your   account   every   linkedin   scraper   i   tried   fell   into   one   of   two   buckets.   either   it   wanted   my   session   cookies   linkedin   linkedin,datascience,backend,-0.32225149186741364,-0.7632747752351686,0.441023283367755,29,370,43,datascience,0.441023283367755,29,True,True,0.0,0
804,datascience,datascience,Errores tipográficos,scraping linkedin company employees without a login and without flagging your account scraping linkedin company employees without a login and without flagging your account every linkedin scraper i tried fell into one of two buckets. either it wanted my session cookies linkedin linkedin,scraping liknedin company emlpoyees without a login and wihtout flagging your acocunt scraping liknedin company emlpoyees without a login and wihtout flagging your acocunt every linkedin scarper i tried fell into one of two buckets. eihter it wanted my session cookies liknedin linkedin,datascience,backend,-0.3079004374025953,-0.4857068803496656,0.17780644294707026,25,286,43,datascience,0.441023283367755,29,True,True,-0.2632168404206847,-4
804,datascience,datascience,Texto truncado,scraping linkedin company employees without a login and without flagging your account scraping linkedin company employees without a login and without flagging your account every linkedin scraper i tried fell into one of two buckets. either it wanted my session cookies linkedin linkedin,scraping linkedin company employees without a login and without flagging your account scraping linkedin company employees without a login and without,datascience,backend,-0.4805318121074749,-0.5820004506956353,0.10146863858816041,12,149,21,datascience,0.441023283367755,29,True,True,-0.33955464477959457,-17
804,datascience,datascience,Ruido web,scraping linkedin company employees without a login and without flagging your account scraping linkedin company employees without a login and without flagging your account every linkedin scraper i tried fell into one of two buckets. either it wanted my session cookies linkedin linkedin,scraping linkedin company employees without a login and without flagging your account scraping linkedin company employees without a login and without flagging your account every linkedin scraper i tried fell into one of two buckets. either it wanted my session cookies linkedin linkedin https://example.com #tech 🚀,datascience,backend,-0.41764754039525764,-0.5445572535055183,0.12690971311026067,31,314,46,datascience,0.441023283367755,29,True,True,-0.3141135702574943,2
563,datascience,datascience,Original,sec form 4 insider buying 2026-07-17: the notable director officer purchases sec form 4 insider buying 2026-07-17: the notable director officer purchases every insider buy and sell reported to the sec on 2026-07-17 parsed from primary edgar filings into. sec 2026-07-17 edgar sec 2026-07-17 edgar,sec form 4 insider buying 2026-07-17: the notable director officer purchases sec form 4 insider buying 2026-07-17: the notable director officer purchases every insider buy and sell reported to the sec on 2026-07-17 parsed from primary edgar filings into. sec 2026-07-17 edgar sec 2026-07-17 edgar,datascience,cloud,0.017030780649239907,-0.345158289562809,0.3621890702120489,21,296,45,datascience,0.3621890702120489,21,True,True,0.0,0
563,datascience,datascience,Minúsculas,sec form 4 insider buying 2026-07-17: the notable director officer purchases sec form 4 insider buying 2026-07-17: the notable director officer purchases every insider buy and sell reported to the sec on 2026-07-17 parsed from primary edgar filings into. sec 2026-07-17 edgar sec 2026-07-17 edgar,sec form 4 insider buying 2026-07-17: the notable director officer purchases sec form 4 insider buying 2026-07-17: the notable director officer purchases every insider buy and sell reported to the sec on 2026-07-17 parsed from primary edgar filings into. sec 2026-07-17 edgar sec 2026-07-17 edgar,datascience,cloud,0.017030780649239907,-0.345158289562809,0.3621890702120489,21,296,45,datascience,0.3621890702120489,21,True,True,0.0,0
563,datascience,datascience,Mayúsculas,sec form 4 insider buying 2026-07-17: the notable director officer purchases sec form 4 insider buying 2026-07-17: the notable director officer purchases every insider buy and sell reported to the sec on 2026-07-17 parsed from primary edgar filings into. sec 2026-07-17 edgar sec 2026-07-17 edgar,SEC FORM 4 INSIDER BUYING 2026-07-17: THE NOTABLE DIRECTOR OFFICER PURCHASES SEC FORM 4 INSIDER BUYING 2026-07-17: THE NOTABLE DIRECTOR OFFICER PURCHASES EVERY INSIDER BUY AND SELL REPORTED TO THE SEC ON 2026-07-17 PARSED FROM PRIMARY EDGAR FILINGS INTO. SEC 2026-07-17 EDGAR SEC 2026-07-17 EDGAR,frontend,backend,-0.39776880731162073,-0.6512456112948629,0.2534768039832422,2,296,45,datascience,0.3621890702120489,21,False,False,-0.1087122662288067,-19
563,datascience,datascience,Sin puntuación,sec form 4 insider buying 2026-07-17: the notable director officer purchases sec form 4 insider buying 2026-07-17: the notable director officer purchases every insider buy and sell reported to the sec on 2026-07-17 parsed from primary edgar filings into. sec 2026-07-17 edgar sec 2026-07-17 edgar,sec form 4 insider buying 2026 07 17 the notable director officer purchases sec form 4 insider buying 2026 07 17 the notable director officer purchases every insider buy and sell reported to the sec on 2026 07 17 parsed from primary edgar filings into sec 2026 07 17 edgar sec 2026 07 17 edgar,datascience,cloud,0.1927085706814331,-0.27348574654463853,0.46619431722607163,24,293,55,datascience,0.3621890702120489,21,True,True,0.10400524701402275,3
563,datascience,datascience,Espacios irregulares,sec form 4 insider buying 2026-07-17: the notable director officer purchases sec form 4 insider buying 2026-07-17: the notable director officer purchases every insider buy and sell reported to the sec on 2026-07-17 parsed from primary edgar filings into. sec 2026-07-17 edgar sec 2026-07-17 edgar,sec   form   4   insider   buying   2026-07-17:   the   notable   director   officer   purchases   sec   form   4   insider   buying   2026-07-17:   the   notable   director   officer   purchases   every   insider   buy   and   sell   reported   to   the   sec   on   2026-07-17   parsed   from   primary   edgar   filings   into.   sec   2026-07-17   edgar   sec   2026-07-17   edgar,datascience,cloud,0.017030780649239907,-0.345158289562809,0.3621890702120489,21,384,45,datascience,0.3621890702120489,21,True,True,0.0,0
563,datascience,datascience,Errores tipográficos,sec form 4 insider buying 2026-07-17: the notable director officer purchases sec form 4 insider buying 2026-07-17: the notable director officer purchases every insider buy and sell reported to the sec on 2026-07-17 parsed from primary edgar filings into. sec 2026-07-17 edgar sec 2026-07-17 edgar,sec form 4 insider buiyng 2026-07-17: the noatble director ofifcer purchases sec form 4 inisder buying 2062-07-17: the notable dierctor officer pucrhases every insider buy and sell reoprted to the sec on 2026-07-17 pasred from primary edgar fiilngs into. sec 2026-07-17 edgar sec 2062-07-17 edgar,datascience,cloud,-0.022262788273719525,-0.4970591833486032,0.4747963950748837,19,296,45,datascience,0.3621890702120489,21,True,True,0.11260732486283481,-2
563,datascience,datascience,Texto truncado,sec form 4 insider buying 2026-07-17: the notable director officer purchases sec form 4 insider buying 2026-07-17: the notable director officer purchases every insider buy and sell reported to the sec on 2026-07-17 parsed from primary edgar filings into. sec 2026-07-17 edgar sec 2026-07-17 edgar,sec form 4 insider buying 2026-07-17: the notable director officer purchases sec form 4 insider buying 2026-07-17: the notable director officer purchases,frontend,cloud,-0.43084949197310907,-0.49487142825682895,0.06402193628371988,7,153,22,datascience,0.3621890702120489,21,False,False,-0.298167133928329,-14
563,datascience,datascience,Ruido web,sec form 4 insider buying 2026-07-17: the notable director officer purchases sec form 4 insider buying 2026-07-17: the notable director officer purchases every insider buy and sell reported to the sec on 2026-07-17 parsed from primary edgar filings into. sec 2026-07-17 edgar sec 2026-07-17 edgar,sec form 4 insider buying 2026-07-17: the notable director officer purchases sec form 4 insider buying 2026-07-17: the notable director officer purchases every insider buy and sell reported to the sec on 2026-07-17 parsed from primary edgar filings into. sec 2026-07-17 edgar sec 2026-07-17 edgar https://example.com #tech 🚀,datascience,cloud,-0.08750244505504012,-0.41733540350060533,0.3298329584455652,23,324,48,datascience,0.3621890702120489,21,True,True,-0.032356111766483675,2
753,datascience,datascience,Original,curaçao vs ivory coast: match prediction model analysis 2026-06-25 curaçao vs ivory coast: match prediction model analysis 2026-06-25 published: 2026-06-23 footballmoney.top curaçao vs ivory coast 世界杯 2026-06-25 2026-06-23 2026-06-25 ivory coast 2026-06-23 2026-06-25 ivory coast,curaçao vs ivory coast: match prediction model analysis 2026-06-25 curaçao vs ivory coast: match prediction model analysis 2026-06-25 published: 2026-06-23 footballmoney.top curaçao vs ivory coast 世界杯 2026-06-25 2026-06-23 2026-06-25 ivory coast 2026-06-23 2026-06-25 ivory coast,datascience,backend,1.2969513278644027,-1.1322247466797828,2.4291760745441855,24,279,35,datascience,2.4291760745441855,24,True,True,0.0,0
753,datascience,datascience,Minúsculas,curaçao vs ivory coast: match prediction model analysis 2026-06-25 curaçao vs ivory coast: match prediction model analysis 2026-06-25 published: 2026-06-23 footballmoney.top curaçao vs ivory coast 世界杯 2026-06-25 2026-06-23 2026-06-25 ivory coast 2026-06-23 2026-06-25 ivory coast,curaçao vs ivory coast: match prediction model analysis 2026-06-25 curaçao vs ivory coast: match prediction model analysis 2026-06-25 published: 2026-06-23 footballmoney.top curaçao vs ivory coast 世界杯 2026-06-25 2026-06-23 2026-06-25 ivory coast 2026-06-23 2026-06-25 ivory coast,datascience,backend,1.2969513278644027,-1.1322247466797828,2.4291760745441855,24,279,35,datascience,2.4291760745441855,24,True,True,0.0,0
753,datascience,datascience,Mayúsculas,curaçao vs ivory coast: match prediction model analysis 2026-06-25 curaçao vs ivory coast: match prediction model analysis 2026-06-25 published: 2026-06-23 footballmoney.top curaçao vs ivory coast 世界杯 2026-06-25 2026-06-23 2026-06-25 ivory coast 2026-06-23 2026-06-25 ivory coast,CURAÇAO VS IVORY COAST: MATCH PREDICTION MODEL ANALYSIS 2026-06-25 CURAÇAO VS IVORY COAST: MATCH PREDICTION MODEL ANALYSIS 2026-06-25 PUBLISHED: 2026-06-23 FOOTBALLMONEY.TOP CURAÇAO VS IVORY COAST 世界杯 2026-06-25 2026-06-23 2026-06-25 IVORY COAST 2026-06-23 2026-06-25 IVORY COAST,frontend,datascience,-0.4763900938054272,-0.6200043811852483,0.14361428737982107,5,279,35,datascience,2.4291760745441855,24,False,False,-2.2855617871643643,-19
753,datascience,datascience,Sin puntuación,curaçao vs ivory coast: match prediction model analysis 2026-06-25 curaçao vs ivory coast: match prediction model analysis 2026-06-25 published: 2026-06-23 footballmoney.top curaçao vs ivory coast 世界杯 2026-06-25 2026-06-23 2026-06-25 ivory coast 2026-06-23 2026-06-25 ivory coast,curaçao vs ivory coast match prediction model analysis 2026 06 25 curaçao vs ivory coast match prediction model analysis 2026 06 25 published 2026 06 23 footballmoney top curaçao vs ivory coast 世界杯 2026 06 25 2026 06 23 2026 06 25 ivory coast 2026 06 23 2026 06 25 ivory coast,datascience,cloud,1.2053550676638825,-1.0189714244627002,2.2243264921265826,22,276,52,datascience,2.4291760745441855,24,True,True,-0.20484958241760287,-2
753,datascience,datascience,Espacios irregulares,curaçao vs ivory coast: match prediction model analysis 2026-06-25 curaçao vs ivory coast: match prediction model analysis 2026-06-25 published: 2026-06-23 footballmoney.top curaçao vs ivory coast 世界杯 2026-06-25 2026-06-23 2026-06-25 ivory coast 2026-06-23 2026-06-25 ivory coast,curaçao   vs   ivory   coast:   match   prediction   model   analysis   2026-06-25   curaçao   vs   ivory   coast:   match   prediction   model   analysis   2026-06-25   published:   2026-06-23   footballmoney.top   curaçao   vs   ivory   coast   世界杯   2026-06-25   2026-06-23   2026-06-25   ivory   coast   2026-06-23   2026-06-25   ivory   coast,datascience,backend,1.2969513278644027,-1.1322247466797828,2.4291760745441855,24,347,35,datascience,2.4291760745441855,24,True,True,0.0,0
753,datascience,datascience,Errores tipográficos,curaçao vs ivory coast: match prediction model analysis 2026-06-25 curaçao vs ivory coast: match prediction model analysis 2026-06-25 published: 2026-06-23 footballmoney.top curaçao vs ivory coast 世界杯 2026-06-25 2026-06-23 2026-06-25 ivory coast 2026-06-23 2026-06-25 ivory coast,curaçao vs ivory cosat: match prediction model anlaysis 2026-06-25 cuarçao vs ivory coast: match prdeiction model analysis 2062-06-25 published: 2062-06-23 footballmoney.top cuarçao vs ivory coast 世界杯 2026-06-25 2062-06-23 2026-06-25 ivory coast 2062-06-23 2026-06-25 ivory coast,datascience,backend,1.1886288078234504,-1.074322548280632,2.2629513561040824,18,279,35,datascience,2.4291760745441855,24,True,True,-0.16622471844010311,-6
753,datascience,datascience,Texto truncado,curaçao vs ivory coast: match prediction model analysis 2026-06-25 curaçao vs ivory coast: match prediction model analysis 2026-06-25 published: 2026-06-23 footballmoney.top curaçao vs ivory coast 世界杯 2026-06-25 2026-06-23 2026-06-25 ivory coast 2026-06-23 2026-06-25 ivory coast,curaçao vs ivory coast: match prediction model analysis 2026-06-25 curaçao vs ivory coast: match prediction model analysis,datascience,backend,1.9195213990087114,-1.2293964637354997,3.148917862744211,15,122,17,datascience,2.4291760745441855,24,True,True,0.7197417882000257,-9
753,datascience,datascience,Ruido web,curaçao vs ivory coast: match prediction model analysis 2026-06-25 curaçao vs ivory coast: match prediction model analysis 2026-06-25 published: 2026-06-23 footballmoney.top curaçao vs ivory coast 世界杯 2026-06-25 2026-06-23 2026-06-25 ivory coast 2026-06-23 2026-06-25 ivory coast,curaçao vs ivory coast: match prediction model analysis 2026-06-25 curaçao vs ivory coast: match prediction model analysis 2026-06-25 published: 2026-06-23 footballmoney.top curaçao vs ivory coast 世界杯 2026-06-25 2026-06-23 2026-06-25 ivory coast 2026-06-23 2026-06-25 ivory coast https://example.com #tech 🚀,datascience,backend,1.2006662772352934,-0.9528949624213698,2.1535612396566632,26,307,38,datascience,2.4291760745441855,24,True,True,-0.27561483488752225,2
71,datascience,datascience,Original,your pipeline is 22.4h behind: catching agriculture sentiment leads with pulsebit your pipeline is 22.4h behind: catching agriculture sentiment leads with pulsebit your pipeline is 22.4h behind: catching agriculture sentiment leads with pulsebit we. 22.4h 22.4h,your pipeline is 22.4h behind: catching agriculture sentiment leads with pulsebit your pipeline is 22.4h behind: catching agriculture sentiment leads with pulsebit your pipeline is 22.4h behind: catching agriculture sentiment leads with pulsebit we. 22.4h 22.4h,datascience,frontend,1.3794234531167606,-1.2885201491044014,2.667943602221162,25,261,36,datascience,2.667943602221162,25,True,True,0.0,0
71,datascience,datascience,Minúsculas,your pipeline is 22.4h behind: catching agriculture sentiment leads with pulsebit your pipeline is 22.4h behind: catching agriculture sentiment leads with pulsebit your pipeline is 22.4h behind: catching agriculture sentiment leads with pulsebit we. 22.4h 22.4h,your pipeline is 22.4h behind: catching agriculture sentiment leads with pulsebit your pipeline is 22.4h behind: catching agriculture sentiment leads with pulsebit your pipeline is 22.4h behind: catching agriculture sentiment leads with pulsebit we. 22.4h 22.4h,datascience,frontend,1.3794234531167606,-1.2885201491044014,2.667943602221162,25,261,36,datascience,2.667943602221162,25,True,True,0.0,0
71,datascience,datascience,Mayúsculas,your pipeline is 22.4h behind: catching agriculture sentiment leads with pulsebit your pipeline is 22.4h behind: catching agriculture sentiment leads with pulsebit your pipeline is 22.4h behind: catching agriculture sentiment leads with pulsebit we. 22.4h 22.4h,YOUR PIPELINE IS 22.4H BEHIND: CATCHING AGRICULTURE SENTIMENT LEADS WITH PULSEBIT YOUR PIPELINE IS 22.4H BEHIND: CATCHING AGRICULTURE SENTIMENT LEADS WITH PULSEBIT YOUR PIPELINE IS 22.4H BEHIND: CATCHING AGRICULTURE SENTIMENT LEADS WITH PULSEBIT WE. 22.4H 22.4H,frontend,cloud,-0.4451063611691545,-0.7587329513838929,0.3136265902147384,0,261,36,datascience,2.667943602221162,25,False,False,-2.3543170120064234,-25
71,datascience,datascience,Sin puntuación,your pipeline is 22.4h behind: catching agriculture sentiment leads with pulsebit your pipeline is 22.4h behind: catching agriculture sentiment leads with pulsebit your pipeline is 22.4h behind: catching agriculture sentiment leads with pulsebit we. 22.4h 22.4h,your pipeline is 22 4h behind catching agriculture sentiment leads with pulsebit your pipeline is 22 4h behind catching agriculture sentiment leads with pulsebit your pipeline is 22 4h behind catching agriculture sentiment leads with pulsebit we 22 4h 22 4h,datascience,frontend,1.64088151830284,-1.2374084227554372,2.878289941058277,22,257,41,datascience,2.667943602221162,25,True,True,0.21034633883711518,-3
71,datascience,datascience,Espacios irregulares,your pipeline is 22.4h behind: catching agriculture sentiment leads with pulsebit your pipeline is 22.4h behind: catching agriculture sentiment leads with pulsebit your pipeline is 22.4h behind: catching agriculture sentiment leads with pulsebit we. 22.4h 22.4h,your   pipeline   is   22.4h   behind:   catching   agriculture   sentiment   leads   with   pulsebit   your   pipeline   is   22.4h   behind:   catching   agriculture   sentiment   leads   with   pulsebit   your   pipeline   is   22.4h   behind:   catching   agriculture   sentiment   leads   with   pulsebit   we.   22.4h   22.4h,datascience,frontend,1.3794234531167606,-1.2885201491044014,2.667943602221162,25,331,36,datascience,2.667943602221162,25,True,True,0.0,0
71,datascience,datascience,Errores tipográficos,your pipeline is 22.4h behind: catching agriculture sentiment leads with pulsebit your pipeline is 22.4h behind: catching agriculture sentiment leads with pulsebit your pipeline is 22.4h behind: catching agriculture sentiment leads with pulsebit we. 22.4h 22.4h,your pipeline is 22.4h beihnd: catching agirculture sentiment leads with puslebit your pipeline is 22.4h beihnd: catching agirculture sentiment leads with puslebit your pipeline is 22.4h beihnd: catching agirculture sentiment leads with puslebit we. 22.4h 22.4h,datascience,backend,1.3322343337296387,-1.2566483941593618,2.5888827278890005,15,261,36,datascience,2.667943602221162,25,True,True,-0.07906087433216147,-10
71,datascience,datascience,Texto truncado,your pipeline is 22.4h behind: catching agriculture sentiment leads with pulsebit your pipeline is 22.4h behind: catching agriculture sentiment leads with pulsebit your pipeline is 22.4h behind: catching agriculture sentiment leads with pulsebit we. 22.4h 22.4h,your pipeline is 22.4h behind: catching agriculture sentiment leads with pulsebit your pipeline is 22.4h behind: catching agriculture,datascience,frontend,1.1263939051002225,-1.2311263631464828,2.3575202682467054,22,133,18,datascience,2.667943602221162,25,True,True,-0.31042333397445665,-3
71,datascience,datascience,Ruido web,your pipeline is 22.4h behind: catching agriculture sentiment leads with pulsebit your pipeline is 22.4h behind: catching agriculture sentiment leads with pulsebit your pipeline is 22.4h behind: catching agriculture sentiment leads with pulsebit we. 22.4h 22.4h,your pipeline is 22.4h behind: catching agriculture sentiment leads with pulsebit your pipeline is 22.4h behind: catching agriculture sentiment leads with pulsebit your pipeline is 22.4h behind: catching agriculture sentiment leads with pulsebit we. 22.4h 22.4h https://example.com #tech 🚀,datascience,backend,1.2648921322102247,-1.2085860542098077,2.4734781864200324,27,289,39,datascience,2.667943602221162,25,True,True,-0.19446541580112964,2
113,datascience,datascience,Original,world cup 2026: spain s 9-goal rampage exposes the 48-team format s most dangerous statistical illusion jun 28 world cup 2026: spain s 9-goal rampage exposes the 48-team format s most dangerous statistical illusion jun 28 spain just scored 9 goals across two matches 4-0 vs saudi arabia 1-0 vs uruguay everyone s. saudi arabia spain uruguay saudi arabia spain uruguay,world cup 2026: spain s 9-goal rampage exposes the 48-team format s most dangerous statistical illusion jun 28 world cup 2026: spain s 9-goal rampage exposes the 48-team format s most dangerous statistical illusion jun 28 spain just scored 9 goals across two matches 4-0 vs saudi arabia 1-0 vs uruguay everyone s. saudi arabia spain uruguay saudi arabia spain uruguay,datascience,cloud,1.4501479607991383,-1.1586126788857118,2.60876063968485,43,367,61,datascience,2.60876063968485,43,True,True,0.0,0
113,datascience,datascience,Minúsculas,world cup 2026: spain s 9-goal rampage exposes the 48-team format s most dangerous statistical illusion jun 28 world cup 2026: spain s 9-goal rampage exposes the 48-team format s most dangerous statistical illusion jun 28 spain just scored 9 goals across two matches 4-0 vs saudi arabia 1-0 vs uruguay everyone s. saudi arabia spain uruguay saudi arabia spain uruguay,world cup 2026: spain s 9-goal rampage exposes the 48-team format s most dangerous statistical illusion jun 28 world cup 2026: spain s 9-goal rampage exposes the 48-team format s most dangerous statistical illusion jun 28 spain just scored 9 goals across two matches 4-0 vs saudi arabia 1-0 vs uruguay everyone s. saudi arabia spain uruguay saudi arabia spain uruguay,datascience,cloud,1.4501479607991383,-1.1586126788857118,2.60876063968485,43,367,61,datascience,2.60876063968485,43,True,True,0.0,0
113,datascience,datascience,Mayúsculas,world cup 2026: spain s 9-goal rampage exposes the 48-team format s most dangerous statistical illusion jun 28 world cup 2026: spain s 9-goal rampage exposes the 48-team format s most dangerous statistical illusion jun 28 spain just scored 9 goals across two matches 4-0 vs saudi arabia 1-0 vs uruguay everyone s. saudi arabia spain uruguay saudi arabia spain uruguay,WORLD CUP 2026: SPAIN S 9-GOAL RAMPAGE EXPOSES THE 48-TEAM FORMAT S MOST DANGEROUS STATISTICAL ILLUSION JUN 28 WORLD CUP 2026: SPAIN S 9-GOAL RAMPAGE EXPOSES THE 48-TEAM FORMAT S MOST DANGEROUS STATISTICAL ILLUSION JUN 28 SPAIN JUST SCORED 9 GOALS ACROSS TWO MATCHES 4-0 VS SAUDI ARABIA 1-0 VS URUGUAY EVERYONE S. SAUDI ARABIA SPAIN URUGUAY SAUDI ARABIA SPAIN URUGUAY,datascience,cloud,-0.06127194098133382,-0.09509338580061799,0.033821444819284174,5,367,61,datascience,2.60876063968485,43,True,True,-2.574939194865566,-38
113,datascience,datascience,Sin puntuación,world cup 2026: spain s 9-goal rampage exposes the 48-team format s most dangerous statistical illusion jun 28 world cup 2026: spain s 9-goal rampage exposes the 48-team format s most dangerous statistical illusion jun 28 spain just scored 9 goals across two matches 4-0 vs saudi arabia 1-0 vs uruguay everyone s. saudi arabia spain uruguay saudi arabia spain uruguay,world cup 2026 spain s 9 goal rampage exposes the 48 team format s most dangerous statistical illusion jun 28 world cup 2026 spain s 9 goal rampage exposes the 48 team format s most dangerous statistical illusion jun 28 spain just scored 9 goals across two matches 4 0 vs saudi arabia 1 0 vs uruguay everyone s saudi arabia spain uruguay saudi arabia spain uruguay,datascience,cloud,1.1071978836804761,-0.9728878701049992,2.0800857537854753,44,364,67,datascience,2.60876063968485,43,True,True,-0.5286748858993748,1
113,datascience,datascience,Espacios irregulares,world cup 2026: spain s 9-goal rampage exposes the 48-team format s most dangerous statistical illusion jun 28 world cup 2026: spain s 9-goal rampage exposes the 48-team format s most dangerous statistical illusion jun 28 spain just scored 9 goals across two matches 4-0 vs saudi arabia 1-0 vs uruguay everyone s. saudi arabia spain uruguay saudi arabia spain uruguay,world   cup   2026:   spain   s   9-goal   rampage   exposes   the   48-team   format   s   most   dangerous   statistical   illusion   jun   28   world   cup   2026:   spain   s   9-goal   rampage   exposes   the   48-team   format   s   most   dangerous   statistical   illusion   jun   28   spain   just   scored   9   goals   across   two   matches   4-0   vs   saudi   arabia   1-0   vs   uruguay   everyone   s.   saudi   arabia   spain   uruguay   saudi   arabia   spain   uruguay,datascience,cloud,1.4501479607991383,-1.1586126788857118,2.60876063968485,43,487,61,datascience,2.60876063968485,43,True,True,0.0,0
113,datascience,datascience,Errores tipográficos,world cup 2026: spain s 9-goal rampage exposes the 48-team format s most dangerous statistical illusion jun 28 world cup 2026: spain s 9-goal rampage exposes the 48-team format s most dangerous statistical illusion jun 28 spain just scored 9 goals across two matches 4-0 vs saudi arabia 1-0 vs uruguay everyone s. saudi arabia spain uruguay saudi arabia spain uruguay,world cup 2026: spain s 9-goal rapmage exposes the 48t-eam format s most dagnerous statistical ilulsion jun 28 world cup 2026: spain s 9-goal rapmage exposes the 48t-eam format s most dagnerous statistical ilulsion jun 28 spain just scored 9 goals acorss two matches 4-0 vs saudi arbaia 1-0 vs uruguay evreyone s. saudi arabia spain urguuay saudi arabia spain urguuay,datascience,cloud,1.4162480095294816,-1.0360108256540688,2.4522588351835504,34,367,61,datascience,2.60876063968485,43,True,True,-0.1565018045012998,-9
113,datascience,datascience,Texto truncado,world cup 2026: spain s 9-goal rampage exposes the 48-team format s most dangerous statistical illusion jun 28 world cup 2026: spain s 9-goal rampage exposes the 48-team format s most dangerous statistical illusion jun 28 spain just scored 9 goals across two matches 4-0 vs saudi arabia 1-0 vs uruguay everyone s. saudi arabia spain uruguay saudi arabia spain uruguay,world cup 2026: spain s 9-goal rampage exposes the 48-team format s most dangerous statistical illusion jun 28 world cup 2026: spain s 9-goal rampage exposes the 48-team format s,datascience,backend,1.3248319775246076,-1.286733133668852,2.6115651111934595,25,178,30,datascience,2.60876063968485,43,True,True,0.0028044715086092964,-18
113,datascience,datascience,Ruido web,world cup 2026: spain s 9-goal rampage exposes the 48-team format s most dangerous statistical illusion jun 28 world cup 2026: spain s 9-goal rampage exposes the 48-team format s most dangerous statistical illusion jun 28 spain just scored 9 goals across two matches 4-0 vs saudi arabia 1-0 vs uruguay everyone s. saudi arabia spain uruguay saudi arabia spain uruguay,world cup 2026: spain s 9-goal rampage exposes the 48-team format s most dangerous statistical illusion jun 28 world cup 2026: spain s 9-goal rampage exposes the 48-team format s most dangerous statistical illusion jun 28 spain just scored 9 goals across two matches 4-0 vs saudi arabia 1-0 vs uruguay everyone s. saudi arabia spain uruguay saudi arabia spain uruguay https://example.com #tech 🚀,datascience,backend,1.3675166865763932,-1.1366709921764788,2.504187678752872,45,395,64,datascience,2.60876063968485,43,True,True,-0.1045729609319781,2
326,datascience,datascience,Original,why is the normal distribution so important in machine learning and statistics why is the normal distribution so important in machine learning and statistics if you ve started learning machine learning or statistics you ve probably encountered the term.,why is the normal distribution so important in machine learning and statistics why is the normal distribution so important in machine learning and statistics if you ve started learning machine learning or statistics you ve probably encountered the term.,datascience,backend,0.9210112328112057,-0.8358575512880595,1.7568687840992652,30,253,39,datascience,1.7568687840992652,30,True,True,0.0,0
326,datascience,datascience,Minúsculas,why is the normal distribution so important in machine learning and statistics why is the normal distribution so important in machine learning and statistics if you ve started learning machine learning or statistics you ve probably encountered the term.,why is the normal distribution so important in machine learning and statistics why is the normal distribution so important in machine learning and statistics if you ve started learning machine learning or statistics you ve probably encountered the term.,datascience,backend,0.9210112328112057,-0.8358575512880595,1.7568687840992652,30,253,39,datascience,1.7568687840992652,30,True,True,0.0,0
326,datascience,datascience,Mayúsculas,why is the normal distribution so important in machine learning and statistics why is the normal distribution so important in machine learning and statistics if you ve started learning machine learning or statistics you ve probably encountered the term.,WHY IS THE NORMAL DISTRIBUTION SO IMPORTANT IN MACHINE LEARNING AND STATISTICS WHY IS THE NORMAL DISTRIBUTION SO IMPORTANT IN MACHINE LEARNING AND STATISTICS IF YOU VE STARTED LEARNING MACHINE LEARNING OR STATISTICS YOU VE PROBABLY ENCOUNTERED THE TERM.,frontend,cloud,-0.4451063611691545,-0.7587329513838929,0.3136265902147384,0,253,39,datascience,1.7568687840992652,30,False,False,-1.4432421938845268,-30
326,datascience,datascience,Sin puntuación,why is the normal distribution so important in machine learning and statistics why is the normal distribution so important in machine learning and statistics if you ve started learning machine learning or statistics you ve probably encountered the term.,why is the normal distribution so important in machine learning and statistics why is the normal distribution so important in machine learning and statistics if you ve started learning machine learning or statistics you ve probably encountered the term,datascience,backend,0.9210112328112057,-0.8358575512880595,1.7568687840992652,30,252,39,datascience,1.7568687840992652,30,True,True,0.0,0
326,datascience,datascience,Espacios irregulares,why is the normal distribution so important in machine learning and statistics why is the normal distribution so important in machine learning and statistics if you ve started learning machine learning or statistics you ve probably encountered the term.,why   is   the   normal   distribution   so   important   in   machine   learning   and   statistics   why   is   the   normal   distribution   so   important   in   machine   learning   and   statistics   if   you   ve   started   learning   machine   learning   or   statistics   you   ve   probably   encountered   the   term.,datascience,backend,0.9210112328112057,-0.8358575512880595,1.7568687840992652,30,329,39,datascience,1.7568687840992652,30,True,True,0.0,0
326,datascience,datascience,Errores tipográficos,why is the normal distribution so important in machine learning and statistics why is the normal distribution so important in machine learning and statistics if you ve started learning machine learning or statistics you ve probably encountered the term.,why is the normal ditsribution so important in mahcine learning and sttaistics why is the normal ditsribution so important in mahcine learning and sttaistics if you ve started leraning machine leraning or statistics you ve prboably encountered the term.,datascience,backend,0.3041412758353925,-0.2522435799613464,0.5563848557967389,23,253,39,datascience,1.7568687840992652,30,True,True,-1.2004839283025261,-7
326,datascience,datascience,Texto truncado,why is the normal distribution so important in machine learning and statistics why is the normal distribution so important in machine learning and statistics if you ve started learning machine learning or statistics you ve probably encountered the term.,why is the normal distribution so important in machine learning and statistics why is the normal distribution so important,datascience,backend,0.4730697694763861,-0.5099099896817663,0.9829797591581524,18,122,19,datascience,1.7568687840992652,30,True,True,-0.7738890249411128,-12
326,datascience,datascience,Ruido web,why is the normal distribution so important in machine learning and statistics why is the normal distribution so important in machine learning and statistics if you ve started learning machine learning or statistics you ve probably encountered the term.,why is the normal distribution so important in machine learning and statistics why is the normal distribution so important in machine learning and statistics if you ve started learning machine learning or statistics you ve probably encountered the term. https://example.com #tech 🚀,datascience,backend,0.8070563395215229,-0.6272792702350116,1.4343356097565345,32,281,42,datascience,1.7568687840992652,30,True,True,-0.32253317434273066,2
595,datascience,datascience,Original,diagnosing mcmc: ess r-hat mcse and plots diagnosing mcmc: ess r-hat mcse and plots adapted from an appendix of my ms thesis. runtime diagnostics the following numerical.,diagnosing mcmc: ess r-hat mcse and plots diagnosing mcmc: ess r-hat mcse and plots adapted from an appendix of my ms thesis. runtime diagnostics the following numerical.,datascience,backend,1.5544696147525605,-0.9420155921881358,2.4964852069406964,21,170,27,datascience,2.4964852069406964,21,True,True,0.0,0
595,datascience,datascience,Minúsculas,diagnosing mcmc: ess r-hat mcse and plots diagnosing mcmc: ess r-hat mcse and plots adapted from an appendix of my ms thesis. runtime diagnostics the following numerical.,diagnosing mcmc: ess r-hat mcse and plots diagnosing mcmc: ess r-hat mcse and plots adapted from an appendix of my ms thesis. runtime diagnostics the following numerical.,datascience,backend,1.5544696147525605,-0.9420155921881358,2.4964852069406964,21,170,27,datascience,2.4964852069406964,21,True,True,0.0,0
595,datascience,datascience,Mayúsculas,diagnosing mcmc: ess r-hat mcse and plots diagnosing mcmc: ess r-hat mcse and plots adapted from an appendix of my ms thesis. runtime diagnostics the following numerical.,DIAGNOSING MCMC: ESS R-HAT MCSE AND PLOTS DIAGNOSING MCMC: ESS R-HAT MCSE AND PLOTS ADAPTED FROM AN APPENDIX OF MY MS THESIS. RUNTIME DIAGNOSTICS THE FOLLOWING NUMERICAL.,frontend,cloud,-0.4451063611691545,-0.7587329513838929,0.3136265902147384,0,170,27,datascience,2.4964852069406964,21,False,False,-2.182858616725958,-21
595,datascience,datascience,Sin puntuación,diagnosing mcmc: ess r-hat mcse and plots diagnosing mcmc: ess r-hat mcse and plots adapted from an appendix of my ms thesis. runtime diagnostics the following numerical.,diagnosing mcmc ess r hat mcse and plots diagnosing mcmc ess r hat mcse and plots adapted from an appendix of my ms thesis runtime diagnostics the following numerical,datascience,backend,1.4609527144881786,-0.980219410208631,2.4411721246968097,22,166,29,datascience,2.4964852069406964,21,True,True,-0.05531308224388676,1
595,datascience,datascience,Espacios irregulares,diagnosing mcmc: ess r-hat mcse and plots diagnosing mcmc: ess r-hat mcse and plots adapted from an appendix of my ms thesis. runtime diagnostics the following numerical.,diagnosing   mcmc:   ess   r-hat   mcse   and   plots   diagnosing   mcmc:   ess   r-hat   mcse   and   plots   adapted   from   an   appendix   of   my   ms   thesis.   runtime   diagnostics   the   following   numerical.,datascience,backend,1.5544696147525605,-0.9420155921881358,2.4964852069406964,21,222,27,datascience,2.4964852069406964,21,True,True,0.0,0
595,datascience,datascience,Errores tipográficos,diagnosing mcmc: ess r-hat mcse and plots diagnosing mcmc: ess r-hat mcse and plots adapted from an appendix of my ms thesis. runtime diagnostics the following numerical.,diagnosing mcmc: ess r-hat mcse and plots diganosing mcmc: ess r-hat mcse and plots adapted from an apepndix of my ms thesis. rutnime diagnostics the following numerical.,datascience,backend,1.2551638063939463,-1.2114038485384584,2.4665676549324047,17,170,27,datascience,2.4964852069406964,21,True,True,-0.029917552008291715,-4
595,datascience,datascience,Texto truncado,diagnosing mcmc: ess r-hat mcse and plots diagnosing mcmc: ess r-hat mcse and plots adapted from an appendix of my ms thesis. runtime diagnostics the following numerical.,diagnosing mcmc: ess r-hat mcse and plots diagnosing mcmc: ess r-hat mcse and,frontend,datascience,-0.48819587709677026,-0.53257087998554,0.04437500288876972,3,77,13,datascience,2.4964852069406964,21,False,False,-2.4521102040519267,-18
595,datascience,datascience,Ruido web,diagnosing mcmc: ess r-hat mcse and plots diagnosing mcmc: ess r-hat mcse and plots adapted from an appendix of my ms thesis. runtime diagnostics the following numerical.,diagnosing mcmc: ess r-hat mcse and plots diagnosing mcmc: ess r-hat mcse and plots adapted from an appendix of my ms thesis. runtime diagnostics the following numerical. https://example.com #tech 🚀,datascience,backend,1.319917638068966,-0.6155008957221725,1.9354185337911383,23,198,30,datascience,2.4964852069406964,21,True,True,-0.5610666731495582,2
471,datascience,datascience,Original,"your pipeline is 14.5h behind: catching defence sentiment leads with pulsebit your pipeline is 14.5h behind: catching defence sentiment leads with pulsebit on july 13 2026 we discovered a striking 24-hour momentum spike of +0.335 in sentiment around the. july 13, 2026 july 13, 2026","your pipeline is 14.5h behind: catching defence sentiment leads with pulsebit your pipeline is 14.5h behind: catching defence sentiment leads with pulsebit on july 13 2026 we discovered a striking 24-hour momentum spike of +0.335 in sentiment around the. july 13, 2026 july 13, 2026",datascience,cloud,1.472473557676187,-1.2129083969948034,2.6853819546709903,41,282,45,datascience,2.6853819546709903,41,True,True,0.0,0
471,datascience,datascience,Minúsculas,"your pipeline is 14.5h behind: catching defence sentiment leads with pulsebit your pipeline is 14.5h behind: catching defence sentiment leads with pulsebit on july 13 2026 we discovered a striking 24-hour momentum spike of +0.335 in sentiment around the. july 13, 2026 july 13, 2026","your pipeline is 14.5h behind: catching defence sentiment leads with pulsebit your pipeline is 14.5h behind: catching defence sentiment leads with pulsebit on july 13 2026 we discovered a striking 24-hour momentum spike of +0.335 in sentiment around the. july 13, 2026 july 13, 2026",datascience,cloud,1.472473557676187,-1.2129083969948034,2.6853819546709903,41,282,45,datascience,2.6853819546709903,41,True,True,0.0,0
471,datascience,datascience,Mayúsculas,"your pipeline is 14.5h behind: catching defence sentiment leads with pulsebit your pipeline is 14.5h behind: catching defence sentiment leads with pulsebit on july 13 2026 we discovered a striking 24-hour momentum spike of +0.335 in sentiment around the. july 13, 2026 july 13, 2026","YOUR PIPELINE IS 14.5H BEHIND: CATCHING DEFENCE SENTIMENT LEADS WITH PULSEBIT YOUR PIPELINE IS 14.5H BEHIND: CATCHING DEFENCE SENTIMENT LEADS WITH PULSEBIT ON JULY 13 2026 WE DISCOVERED A STRIKING 24-HOUR MOMENTUM SPIKE OF +0.335 IN SENTIMENT AROUND THE. JULY 13, 2026 JULY 13, 2026",cloud,datascience,-0.2945641566875288,-0.39865626076782434,0.10409210408029557,3,282,45,datascience,2.6853819546709903,41,False,False,-2.5812898505906947,-38
471,datascience,datascience,Sin puntuación,"your pipeline is 14.5h behind: catching defence sentiment leads with pulsebit your pipeline is 14.5h behind: catching defence sentiment leads with pulsebit on july 13 2026 we discovered a striking 24-hour momentum spike of +0.335 in sentiment around the. july 13, 2026 july 13, 2026",your pipeline is 14 5h behind catching defence sentiment leads with pulsebit your pipeline is 14 5h behind catching defence sentiment leads with pulsebit on july 13 2026 we discovered a striking 24 hour momentum spike of 0 335 in sentiment around the july 13 2026 july 13 2026,datascience,cloud,1.3761482164972332,-1.1689011045437492,2.5450493210409824,43,276,49,datascience,2.6853819546709903,41,True,True,-0.14033263363000792,2
471,datascience,datascience,Espacios irregulares,"your pipeline is 14.5h behind: catching defence sentiment leads with pulsebit your pipeline is 14.5h behind: catching defence sentiment leads with pulsebit on july 13 2026 we discovered a striking 24-hour momentum spike of +0.335 in sentiment around the. july 13, 2026 july 13, 2026","your   pipeline   is   14.5h   behind:   catching   defence   sentiment   leads   with   pulsebit   your   pipeline   is   14.5h   behind:   catching   defence   sentiment   leads   with   pulsebit   on   july   13   2026   we   discovered   a   striking   24-hour   momentum   spike   of   +0.335   in   sentiment   around   the.   july   13,   2026   july   13,   2026",datascience,cloud,1.472473557676187,-1.2129083969948034,2.6853819546709903,41,370,45,datascience,2.6853819546709903,41,True,True,0.0,0
471,datascience,datascience,Errores tipográficos,"your pipeline is 14.5h behind: catching defence sentiment leads with pulsebit your pipeline is 14.5h behind: catching defence sentiment leads with pulsebit on july 13 2026 we discovered a striking 24-hour momentum spike of +0.335 in sentiment around the. july 13, 2026 july 13, 2026","your pipeline is 14.5h beihnd: catching deefnce sentiment leads with puslebit your pipeline is 14.5h beihnd: catching deefnce sentiment leads with puslebit on july 13 2026 we discovered a stirking 24-hour moemntum spike of +0.335 in setniment around the. july 13, 2026 july 13, 2026",datascience,cloud,1.03256748515191,-0.9899000402566763,2.022467525408586,29,282,45,datascience,2.6853819546709903,41,True,True,-0.6629144292624041,-12
471,datascience,datascience,Texto truncado,"your pipeline is 14.5h behind: catching defence sentiment leads with pulsebit your pipeline is 14.5h behind: catching defence sentiment leads with pulsebit on july 13 2026 we discovered a striking 24-hour momentum spike of +0.335 in sentiment around the. july 13, 2026 july 13, 2026",your pipeline is 14.5h behind: catching defence sentiment leads with pulsebit your pipeline is 14.5h behind: catching defence sentiment leads with pulsebit,datascience,frontend,2.1664067711814456,-1.5688983916507562,3.735305162832202,19,155,22,datascience,2.6853819546709903,41,True,True,1.0499232081612115,-22
471,datascience,datascience,Ruido web,"your pipeline is 14.5h behind: catching defence sentiment leads with pulsebit your pipeline is 14.5h behind: catching defence sentiment leads with pulsebit on july 13 2026 we discovered a striking 24-hour momentum spike of +0.335 in sentiment around the. july 13, 2026 july 13, 2026","your pipeline is 14.5h behind: catching defence sentiment leads with pulsebit your pipeline is 14.5h behind: catching defence sentiment leads with pulsebit on july 13 2026 we discovered a striking 24-hour momentum spike of +0.335 in sentiment around the. july 13, 2026 july 13, 2026 https://example.com #tech 🚀",datascience,backend,1.3468241364812363,-1.2547094654475488,2.601533601928785,43,310,48,datascience,2.6853819546709903,41,True,True,-0.08384835274220537,2
470,datascience,datascience,Original,your pipeline is 24.2h behind: catching travel sentiment leads with pulsebit your pipeline is 24.2h behind: catching travel sentiment leads with pulsebit your pipeline is 24.2h behind: catching travel sentiment leads with pulsebit on june 28 june 28 24.2h june 28 24.2h,your pipeline is 24.2h behind: catching travel sentiment leads with pulsebit your pipeline is 24.2h behind: catching travel sentiment leads with pulsebit your pipeline is 24.2h behind: catching travel sentiment leads with pulsebit on june 28 june 28 24.2h june 28 24.2h,datascience,cloud,1.445339699826877,-1.4348475291298253,2.8801872289567023,27,269,42,datascience,2.8801872289567023,27,True,True,0.0,0
470,datascience,datascience,Minúsculas,your pipeline is 24.2h behind: catching travel sentiment leads with pulsebit your pipeline is 24.2h behind: catching travel sentiment leads with pulsebit your pipeline is 24.2h behind: catching travel sentiment leads with pulsebit on june 28 june 28 24.2h june 28 24.2h,your pipeline is 24.2h behind: catching travel sentiment leads with pulsebit your pipeline is 24.2h behind: catching travel sentiment leads with pulsebit your pipeline is 24.2h behind: catching travel sentiment leads with pulsebit on june 28 june 28 24.2h june 28 24.2h,datascience,cloud,1.445339699826877,-1.4348475291298253,2.8801872289567023,27,269,42,datascience,2.8801872289567023,27,True,True,0.0,0
470,datascience,datascience,Mayúsculas,your pipeline is 24.2h behind: catching travel sentiment leads with pulsebit your pipeline is 24.2h behind: catching travel sentiment leads with pulsebit your pipeline is 24.2h behind: catching travel sentiment leads with pulsebit on june 28 june 28 24.2h june 28 24.2h,YOUR PIPELINE IS 24.2H BEHIND: CATCHING TRAVEL SENTIMENT LEADS WITH PULSEBIT YOUR PIPELINE IS 24.2H BEHIND: CATCHING TRAVEL SENTIMENT LEADS WITH PULSEBIT YOUR PIPELINE IS 24.2H BEHIND: CATCHING TRAVEL SENTIMENT LEADS WITH PULSEBIT ON JUNE 28 JUNE 28 24.2H JUNE 28 24.2H,datascience,cloud,-0.14366284947276242,-0.5696768227273218,0.42601397325455936,1,269,42,datascience,2.8801872289567023,27,True,True,-2.454173255702143,-26
470,datascience,datascience,Sin puntuación,your pipeline is 24.2h behind: catching travel sentiment leads with pulsebit your pipeline is 24.2h behind: catching travel sentiment leads with pulsebit your pipeline is 24.2h behind: catching travel sentiment leads with pulsebit on june 28 june 28 24.2h june 28 24.2h,your pipeline is 24 2h behind catching travel sentiment leads with pulsebit your pipeline is 24 2h behind catching travel sentiment leads with pulsebit your pipeline is 24 2h behind catching travel sentiment leads with pulsebit on june 28 june 28 24 2h june 28 24 2h,datascience,cloud,1.8395992027369839,-1.5941789279237235,3.4337781306607074,25,266,47,datascience,2.8801872289567023,27,True,True,0.553590901704005,-2
470,datascience,datascience,Espacios irregulares,your pipeline is 24.2h behind: catching travel sentiment leads with pulsebit your pipeline is 24.2h behind: catching travel sentiment leads with pulsebit your pipeline is 24.2h behind: catching travel sentiment leads with pulsebit on june 28 june 28 24.2h june 28 24.2h,your   pipeline   is   24.2h   behind:   catching   travel   sentiment   leads   with   pulsebit   your   pipeline   is   24.2h   behind:   catching   travel   sentiment   leads   with   pulsebit   your   pipeline   is   24.2h   behind:   catching   travel   sentiment   leads   with   pulsebit   on   june   28   june   28   24.2h   june   28   24.2h,datascience,cloud,1.445339699826877,-1.4348475291298253,2.8801872289567023,27,351,42,datascience,2.8801872289567023,27,True,True,0.0,0
470,datascience,datascience,Errores tipográficos,your pipeline is 24.2h behind: catching travel sentiment leads with pulsebit your pipeline is 24.2h behind: catching travel sentiment leads with pulsebit your pipeline is 24.2h behind: catching travel sentiment leads with pulsebit on june 28 june 28 24.2h june 28 24.2h,your pipeline is 24.2h beihnd: catching trvael sentiment leads with puslebit your pipeline is 24.2h beihnd: catching trvael sentiment leads with puslebit your pipeline is 24.2h beihnd: catching trvael sentiment leads with puslebit on june 28 june 28 24.2h june 28 24.2h,datascience,cloud,1.23204076951146,-1.217991549075711,2.450032318587171,17,269,42,datascience,2.8801872289567023,27,True,True,-0.43015491036953124,-10
470,datascience,datascience,Texto truncado,your pipeline is 24.2h behind: catching travel sentiment leads with pulsebit your pipeline is 24.2h behind: catching travel sentiment leads with pulsebit your pipeline is 24.2h behind: catching travel sentiment leads with pulsebit on june 28 june 28 24.2h june 28 24.2h,your pipeline is 24.2h behind: catching travel sentiment leads with pulsebit your pipeline is 24.2h behind: catching travel sentiment leads with,datascience,frontend,1.3568723573130494,-1.4195769913891685,2.7764493487022177,22,144,21,datascience,2.8801872289567023,27,True,True,-0.1037378802544846,-5
470,datascience,datascience,Ruido web,your pipeline is 24.2h behind: catching travel sentiment leads with pulsebit your pipeline is 24.2h behind: catching travel sentiment leads with pulsebit your pipeline is 24.2h behind: catching travel sentiment leads with pulsebit on june 28 june 28 24.2h june 28 24.2h,your pipeline is 24.2h behind: catching travel sentiment leads with pulsebit your pipeline is 24.2h behind: catching travel sentiment leads with pulsebit your pipeline is 24.2h behind: catching travel sentiment leads with pulsebit on june 28 june 28 24.2h june 28 24.2h https://example.com #tech 🚀,datascience,frontend,1.3340843958072859,-1.4732807697563461,2.807365165563632,29,297,45,datascience,2.8801872289567023,27,True,True,-0.07282206339307029,2
833,datascience,datascience,Original,your pipeline is 22.7h behind: catching sustainability sentiment leads with pulsebit your pipeline is 22.7h behind: catching sustainability sentiment leads with pulsebit your pipeline is 22.7h behind: catching sustainability sentiment leads with pulsebit we. 22.7h 22.7h,your pipeline is 22.7h behind: catching sustainability sentiment leads with pulsebit your pipeline is 22.7h behind: catching sustainability sentiment leads with pulsebit your pipeline is 22.7h behind: catching sustainability sentiment leads with pulsebit we. 22.7h 22.7h,datascience,frontend,2.232967091166716,-1.6107910406356076,3.8437581318023235,21,270,36,datascience,3.8437581318023235,21,True,True,0.0,0
833,datascience,datascience,Minúsculas,your pipeline is 22.7h behind: catching sustainability sentiment leads with pulsebit your pipeline is 22.7h behind: catching sustainability sentiment leads with pulsebit your pipeline is 22.7h behind: catching sustainability sentiment leads with pulsebit we. 22.7h 22.7h,your pipeline is 22.7h behind: catching sustainability sentiment leads with pulsebit your pipeline is 22.7h behind: catching sustainability sentiment leads with pulsebit your pipeline is 22.7h behind: catching sustainability sentiment leads with pulsebit we. 22.7h 22.7h,datascience,frontend,2.232967091166716,-1.6107910406356076,3.8437581318023235,21,270,36,datascience,3.8437581318023235,21,True,True,0.0,0
833,datascience,datascience,Mayúsculas,your pipeline is 22.7h behind: catching sustainability sentiment leads with pulsebit your pipeline is 22.7h behind: catching sustainability sentiment leads with pulsebit your pipeline is 22.7h behind: catching sustainability sentiment leads with pulsebit we. 22.7h 22.7h,YOUR PIPELINE IS 22.7H BEHIND: CATCHING SUSTAINABILITY SENTIMENT LEADS WITH PULSEBIT YOUR PIPELINE IS 22.7H BEHIND: CATCHING SUSTAINABILITY SENTIMENT LEADS WITH PULSEBIT YOUR PIPELINE IS 22.7H BEHIND: CATCHING SUSTAINABILITY SENTIMENT LEADS WITH PULSEBIT WE. 22.7H 22.7H,frontend,cloud,-0.4451063611691545,-0.7587329513838929,0.3136265902147384,0,270,36,datascience,3.8437581318023235,21,False,False,-3.5301315415875854,-21
833,datascience,datascience,Sin puntuación,your pipeline is 22.7h behind: catching sustainability sentiment leads with pulsebit your pipeline is 22.7h behind: catching sustainability sentiment leads with pulsebit your pipeline is 22.7h behind: catching sustainability sentiment leads with pulsebit we. 22.7h 22.7h,your pipeline is 22 7h behind catching sustainability sentiment leads with pulsebit your pipeline is 22 7h behind catching sustainability sentiment leads with pulsebit your pipeline is 22 7h behind catching sustainability sentiment leads with pulsebit we 22 7h 22 7h,datascience,frontend,1.8737779228794182,-1.3113582483251371,3.1851361712045554,22,266,41,datascience,3.8437581318023235,21,True,True,-0.6586219605977681,1
833,datascience,datascience,Espacios irregulares,your pipeline is 22.7h behind: catching sustainability sentiment leads with pulsebit your pipeline is 22.7h behind: catching sustainability sentiment leads with pulsebit your pipeline is 22.7h behind: catching sustainability sentiment leads with pulsebit we. 22.7h 22.7h,your   pipeline   is   22.7h   behind:   catching   sustainability   sentiment   leads   with   pulsebit   your   pipeline   is   22.7h   behind:   catching   sustainability   sentiment   leads   with   pulsebit   your   pipeline   is   22.7h   behind:   catching   sustainability   sentiment   leads   with   pulsebit   we.   22.7h   22.7h,datascience,frontend,2.232967091166716,-1.6107910406356076,3.8437581318023235,21,340,36,datascience,3.8437581318023235,21,True,True,0.0,0
833,datascience,datascience,Errores tipográficos,your pipeline is 22.7h behind: catching sustainability sentiment leads with pulsebit your pipeline is 22.7h behind: catching sustainability sentiment leads with pulsebit your pipeline is 22.7h behind: catching sustainability sentiment leads with pulsebit we. 22.7h 22.7h,your pipeline is 22.7h beihnd: catching sutsainability sentiment leads with puslebit your pipeline is 22.7h beihnd: catching sutsainability sentiment leads with puslebit your pipeline is 22.7h beihnd: catching sutsainability sentiment leads with puslebit we. 22.7h 22.7h,datascience,backend,2.462553529027359,-1.4983983123403897,3.9609518413677485,12,270,36,datascience,3.8437581318023235,21,True,True,0.11719370956542496,-9
833,datascience,datascience,Texto truncado,your pipeline is 22.7h behind: catching sustainability sentiment leads with pulsebit your pipeline is 22.7h behind: catching sustainability sentiment leads with pulsebit your pipeline is 22.7h behind: catching sustainability sentiment leads with pulsebit we. 22.7h 22.7h,your pipeline is 22.7h behind: catching sustainability sentiment leads with pulsebit your pipeline is 22.7h behind: catching sustainability,datascience,frontend,1.9543941721649976,-1.5596969863377441,3.5140911585027417,19,139,18,datascience,3.8437581318023235,21,True,True,-0.32966697329958183,-2
833,datascience,datascience,Ruido web,your pipeline is 22.7h behind: catching sustainability sentiment leads with pulsebit your pipeline is 22.7h behind: catching sustainability sentiment leads with pulsebit your pipeline is 22.7h behind: catching sustainability sentiment leads with pulsebit we. 22.7h 22.7h,your pipeline is 22.7h behind: catching sustainability sentiment leads with pulsebit your pipeline is 22.7h behind: catching sustainability sentiment leads with pulsebit your pipeline is 22.7h behind: catching sustainability sentiment leads with pulsebit we. 22.7h 22.7h https://example.com #tech 🚀,datascience,backend,2.029421719733557,-1.3599591465885625,3.3893808663221194,23,298,39,datascience,3.8437581318023235,21,True,True,-0.4543772654802041,2
328,datascience,datascience,Original,your pipeline is 19.9h behind: catching digital transformation sentiment leads with pulsebit your pipeline is 19.9h behind: catching digital transformation sentiment leads with pulsebit your pipeline is 19.9h behind: catching digital transformation sentiment leads with. 19.9h 19.9h,your pipeline is 19.9h behind: catching digital transformation sentiment leads with pulsebit your pipeline is 19.9h behind: catching digital transformation sentiment leads with pulsebit your pipeline is 19.9h behind: catching digital transformation sentiment leads with. 19.9h 19.9h,datascience,backend,1.2849597967489212,-1.3945955474555256,2.679555344204447,25,282,37,datascience,2.679555344204447,25,True,True,0.0,0
328,datascience,datascience,Minúsculas,your pipeline is 19.9h behind: catching digital transformation sentiment leads with pulsebit your pipeline is 19.9h behind: catching digital transformation sentiment leads with pulsebit your pipeline is 19.9h behind: catching digital transformation sentiment leads with. 19.9h 19.9h,your pipeline is 19.9h behind: catching digital transformation sentiment leads with pulsebit your pipeline is 19.9h behind: catching digital transformation sentiment leads with pulsebit your pipeline is 19.9h behind: catching digital transformation sentiment leads with. 19.9h 19.9h,datascience,backend,1.2849597967489212,-1.3945955474555256,2.679555344204447,25,282,37,datascience,2.679555344204447,25,True,True,0.0,0
328,datascience,datascience,Mayúsculas,your pipeline is 19.9h behind: catching digital transformation sentiment leads with pulsebit your pipeline is 19.9h behind: catching digital transformation sentiment leads with pulsebit your pipeline is 19.9h behind: catching digital transformation sentiment leads with. 19.9h 19.9h,YOUR PIPELINE IS 19.9H BEHIND: CATCHING DIGITAL TRANSFORMATION SENTIMENT LEADS WITH PULSEBIT YOUR PIPELINE IS 19.9H BEHIND: CATCHING DIGITAL TRANSFORMATION SENTIMENT LEADS WITH PULSEBIT YOUR PIPELINE IS 19.9H BEHIND: CATCHING DIGITAL TRANSFORMATION SENTIMENT LEADS WITH. 19.9H 19.9H,frontend,cloud,-0.4451063611691545,-0.7587329513838929,0.3136265902147384,0,282,37,datascience,2.679555344204447,25,False,False,-2.3659287539897083,-25
328,datascience,datascience,Sin puntuación,your pipeline is 19.9h behind: catching digital transformation sentiment leads with pulsebit your pipeline is 19.9h behind: catching digital transformation sentiment leads with pulsebit your pipeline is 19.9h behind: catching digital transformation sentiment leads with. 19.9h 19.9h,your pipeline is 19 9h behind catching digital transformation sentiment leads with pulsebit your pipeline is 19 9h behind catching digital transformation sentiment leads with pulsebit your pipeline is 19 9h behind catching digital transformation sentiment leads with 19 9h 19 9h,datascience,backend,1.5934537476145767,-1.328613890294668,2.9220676379092447,22,278,42,datascience,2.679555344204447,25,True,True,0.24251229370479788,-3
328,datascience,datascience,Espacios irregulares,your pipeline is 19.9h behind: catching digital transformation sentiment leads with pulsebit your pipeline is 19.9h behind: catching digital transformation sentiment leads with pulsebit your pipeline is 19.9h behind: catching digital transformation sentiment leads with. 19.9h 19.9h,your   pipeline   is   19.9h   behind:   catching   digital   transformation   sentiment   leads   with   pulsebit   your   pipeline   is   19.9h   behind:   catching   digital   transformation   sentiment   leads   with   pulsebit   your   pipeline   is   19.9h   behind:   catching   digital   transformation   sentiment   leads   with.   19.9h   19.9h,datascience,backend,1.2849597967489212,-1.3945955474555256,2.679555344204447,25,354,37,datascience,2.679555344204447,25,True,True,0.0,0
328,datascience,datascience,Errores tipográficos,your pipeline is 19.9h behind: catching digital transformation sentiment leads with pulsebit your pipeline is 19.9h behind: catching digital transformation sentiment leads with pulsebit your pipeline is 19.9h behind: catching digital transformation sentiment leads with. 19.9h 19.9h,your pipeline is 19.9h beihnd: catching diigtal transformation setniment leads with pulsebit your piepline is 19.9h behind: cacthing digital trnasformation sentiment leads with puslebit your pipeline is 19.9h beihnd: catching diigtal transformation setniment leads with. 19.9h 19.9h,datascience,backend,1.252235900161121,-1.3391354519798628,2.5913713521409836,21,282,37,datascience,2.679555344204447,25,True,True,-0.08818399206346328,-4
328,datascience,datascience,Texto truncado,your pipeline is 19.9h behind: catching digital transformation sentiment leads with pulsebit your pipeline is 19.9h behind: catching digital transformation sentiment leads with pulsebit your pipeline is 19.9h behind: catching digital transformation sentiment leads with. 19.9h 19.9h,your pipeline is 19.9h behind: catching digital transformation sentiment leads with pulsebit your pipeline is 19.9h behind: catching,datascience,backend,1.3705339198451387,-1.37671325424201,2.747247174087149,24,132,18,datascience,2.679555344204447,25,True,True,0.06769182988270206,-1
328,datascience,datascience,Ruido web,your pipeline is 19.9h behind: catching digital transformation sentiment leads with pulsebit your pipeline is 19.9h behind: catching digital transformation sentiment leads with pulsebit your pipeline is 19.9h behind: catching digital transformation sentiment leads with. 19.9h 19.9h,your pipeline is 19.9h behind: catching digital transformation sentiment leads with pulsebit your pipeline is 19.9h behind: catching digital transformation sentiment leads with pulsebit your pipeline is 19.9h behind: catching digital transformation sentiment leads with. 19.9h 19.9h https://example.com #tech 🚀,datascience,backend,1.1765702944381706,-1.1933576083013482,2.369927902739519,27,310,40,datascience,2.679555344204447,25,True,True,-0.30962744146492804,2
876,datascience,datascience,Original,your pipeline is 10.9h behind: catching fashion sentiment leads with pulsebit your pipeline is 10.9h behind: catching fashion sentiment leads with pulsebit your pipeline is 10.9h behind: catching fashion sentiment leads with pulsebit on june 18 10.9h june 18 10.9h june 18,your pipeline is 10.9h behind: catching fashion sentiment leads with pulsebit your pipeline is 10.9h behind: catching fashion sentiment leads with pulsebit your pipeline is 10.9h behind: catching fashion sentiment leads with pulsebit on june 18 10.9h june 18 10.9h june 18,datascience,cloud,1.4577905352407945,-1.1509431420575846,2.608733677298379,25,272,42,datascience,2.608733677298379,25,True,True,0.0,0
876,datascience,datascience,Minúsculas,your pipeline is 10.9h behind: catching fashion sentiment leads with pulsebit your pipeline is 10.9h behind: catching fashion sentiment leads with pulsebit your pipeline is 10.9h behind: catching fashion sentiment leads with pulsebit on june 18 10.9h june 18 10.9h june 18,your pipeline is 10.9h behind: catching fashion sentiment leads with pulsebit your pipeline is 10.9h behind: catching fashion sentiment leads with pulsebit your pipeline is 10.9h behind: catching fashion sentiment leads with pulsebit on june 18 10.9h june 18 10.9h june 18,datascience,cloud,1.4577905352407945,-1.1509431420575846,2.608733677298379,25,272,42,datascience,2.608733677298379,25,True,True,0.0,0
876,datascience,datascience,Mayúsculas,your pipeline is 10.9h behind: catching fashion sentiment leads with pulsebit your pipeline is 10.9h behind: catching fashion sentiment leads with pulsebit your pipeline is 10.9h behind: catching fashion sentiment leads with pulsebit on june 18 10.9h june 18 10.9h june 18,YOUR PIPELINE IS 10.9H BEHIND: CATCHING FASHION SENTIMENT LEADS WITH PULSEBIT YOUR PIPELINE IS 10.9H BEHIND: CATCHING FASHION SENTIMENT LEADS WITH PULSEBIT YOUR PIPELINE IS 10.9H BEHIND: CATCHING FASHION SENTIMENT LEADS WITH PULSEBIT ON JUNE 18 10.9H JUNE 18 10.9H JUNE 18,cloud,frontend,-0.23688506308419,-0.5239297897942977,0.2870447267101077,1,272,42,datascience,2.608733677298379,25,False,False,-2.321688950588271,-24
876,datascience,datascience,Sin puntuación,your pipeline is 10.9h behind: catching fashion sentiment leads with pulsebit your pipeline is 10.9h behind: catching fashion sentiment leads with pulsebit your pipeline is 10.9h behind: catching fashion sentiment leads with pulsebit on june 18 10.9h june 18 10.9h june 18,your pipeline is 10 9h behind catching fashion sentiment leads with pulsebit your pipeline is 10 9h behind catching fashion sentiment leads with pulsebit your pipeline is 10 9h behind catching fashion sentiment leads with pulsebit on june 18 10 9h june 18 10 9h june 18,datascience,cloud,1.4702163275038216,-1.0295143957913482,2.49973072329517,26,269,47,datascience,2.608733677298379,25,True,True,-0.10900295400320914,1
876,datascience,datascience,Espacios irregulares,your pipeline is 10.9h behind: catching fashion sentiment leads with pulsebit your pipeline is 10.9h behind: catching fashion sentiment leads with pulsebit your pipeline is 10.9h behind: catching fashion sentiment leads with pulsebit on june 18 10.9h june 18 10.9h june 18,your   pipeline   is   10.9h   behind:   catching   fashion   sentiment   leads   with   pulsebit   your   pipeline   is   10.9h   behind:   catching   fashion   sentiment   leads   with   pulsebit   your   pipeline   is   10.9h   behind:   catching   fashion   sentiment   leads   with   pulsebit   on   june   18   10.9h   june   18   10.9h   june   18,datascience,cloud,1.4577905352407945,-1.1509431420575846,2.608733677298379,25,354,42,datascience,2.608733677298379,25,True,True,0.0,0
876,datascience,datascience,Errores tipográficos,your pipeline is 10.9h behind: catching fashion sentiment leads with pulsebit your pipeline is 10.9h behind: catching fashion sentiment leads with pulsebit your pipeline is 10.9h behind: catching fashion sentiment leads with pulsebit on june 18 10.9h june 18 10.9h june 18,your pipeline is 10.9h beihnd: catching fahsion sentiment leads with puslebit your pipeline is 10.9h beihnd: catching fahsion sentiment leads with puslebit your pipeline is 10.9h beihnd: catching fahsion sentiment leads with puslebit on june 18 10.9h june 18 10.9h june 18,datascience,cloud,1.1399604886764656,-0.794692771242536,1.9346532599190016,16,272,42,datascience,2.608733677298379,25,True,True,-0.6740804173793775,-9
876,datascience,datascience,Texto truncado,your pipeline is 10.9h behind: catching fashion sentiment leads with pulsebit your pipeline is 10.9h behind: catching fashion sentiment leads with pulsebit your pipeline is 10.9h behind: catching fashion sentiment leads with pulsebit on june 18 10.9h june 18 10.9h june 18,your pipeline is 10.9h behind: catching fashion sentiment leads with pulsebit your pipeline is 10.9h behind: catching fashion sentiment leads with,datascience,frontend,1.9784444812253055,-1.5187509319971255,3.497195413222431,19,146,21,datascience,2.608733677298379,25,True,True,0.8884617359240519,-6
876,datascience,datascience,Ruido web,your pipeline is 10.9h behind: catching fashion sentiment leads with pulsebit your pipeline is 10.9h behind: catching fashion sentiment leads with pulsebit your pipeline is 10.9h behind: catching fashion sentiment leads with pulsebit on june 18 10.9h june 18 10.9h june 18,your pipeline is 10.9h behind: catching fashion sentiment leads with pulsebit your pipeline is 10.9h behind: catching fashion sentiment leads with pulsebit your pipeline is 10.9h behind: catching fashion sentiment leads with pulsebit on june 18 10.9h june 18 10.9h june 18 https://example.com #tech 🚀,datascience,cloud,1.3258377301863349,-1.2039380565193594,2.5297757867056943,27,300,45,datascience,2.608733677298379,25,True,True,-0.07895789059268488,2
227,datascience,datascience,Original,your pipeline is 16.7h behind: catching mobile sentiment leads with pulsebit your pipeline is 16.7h behind: catching mobile sentiment leads with pulsebit your pipeline is 16.7h behind: catching mobile sentiment leads with pulsebit we just. 16.7h 16.7h,your pipeline is 16.7h behind: catching mobile sentiment leads with pulsebit your pipeline is 16.7h behind: catching mobile sentiment leads with pulsebit your pipeline is 16.7h behind: catching mobile sentiment leads with pulsebit we just. 16.7h 16.7h,datascience,backend,2.3169879458182328,-1.6270567283959494,3.944044674214182,23,251,37,datascience,3.944044674214182,23,True,True,0.0,0
227,datascience,datascience,Minúsculas,your pipeline is 16.7h behind: catching mobile sentiment leads with pulsebit your pipeline is 16.7h behind: catching mobile sentiment leads with pulsebit your pipeline is 16.7h behind: catching mobile sentiment leads with pulsebit we just. 16.7h 16.7h,your pipeline is 16.7h behind: catching mobile sentiment leads with pulsebit your pipeline is 16.7h behind: catching mobile sentiment leads with pulsebit your pipeline is 16.7h behind: catching mobile sentiment leads with pulsebit we just. 16.7h 16.7h,datascience,backend,2.3169879458182328,-1.6270567283959494,3.944044674214182,23,251,37,datascience,3.944044674214182,23,True,True,0.0,0
227,datascience,datascience,Mayúsculas,your pipeline is 16.7h behind: catching mobile sentiment leads with pulsebit your pipeline is 16.7h behind: catching mobile sentiment leads with pulsebit your pipeline is 16.7h behind: catching mobile sentiment leads with pulsebit we just. 16.7h 16.7h,YOUR PIPELINE IS 16.7H BEHIND: CATCHING MOBILE SENTIMENT LEADS WITH PULSEBIT YOUR PIPELINE IS 16.7H BEHIND: CATCHING MOBILE SENTIMENT LEADS WITH PULSEBIT YOUR PIPELINE IS 16.7H BEHIND: CATCHING MOBILE SENTIMENT LEADS WITH PULSEBIT WE JUST. 16.7H 16.7H,frontend,cloud,-0.4451063611691545,-0.7587329513838929,0.3136265902147384,0,251,37,datascience,3.944044674214182,23,False,False,-3.6304180839994435,-23
227,datascience,datascience,Sin puntuación,your pipeline is 16.7h behind: catching mobile sentiment leads with pulsebit your pipeline is 16.7h behind: catching mobile sentiment leads with pulsebit your pipeline is 16.7h behind: catching mobile sentiment leads with pulsebit we just. 16.7h 16.7h,your pipeline is 16 7h behind catching mobile sentiment leads with pulsebit your pipeline is 16 7h behind catching mobile sentiment leads with pulsebit your pipeline is 16 7h behind catching mobile sentiment leads with pulsebit we just 16 7h 16 7h,datascience,backend,2.0315538011478624,-1.3627866196615654,3.394340420809428,24,247,42,datascience,3.944044674214182,23,True,True,-0.5497042534047543,1
227,datascience,datascience,Espacios irregulares,your pipeline is 16.7h behind: catching mobile sentiment leads with pulsebit your pipeline is 16.7h behind: catching mobile sentiment leads with pulsebit your pipeline is 16.7h behind: catching mobile sentiment leads with pulsebit we just. 16.7h 16.7h,your   pipeline   is   16.7h   behind:   catching   mobile   sentiment   leads   with   pulsebit   your   pipeline   is   16.7h   behind:   catching   mobile   sentiment   leads   with   pulsebit   your   pipeline   is   16.7h   behind:   catching   mobile   sentiment   leads   with   pulsebit   we   just.   16.7h   16.7h,datascience,backend,2.3169879458182328,-1.6270567283959494,3.944044674214182,23,323,37,datascience,3.944044674214182,23,True,True,0.0,0
227,datascience,datascience,Errores tipográficos,your pipeline is 16.7h behind: catching mobile sentiment leads with pulsebit your pipeline is 16.7h behind: catching mobile sentiment leads with pulsebit your pipeline is 16.7h behind: catching mobile sentiment leads with pulsebit we just. 16.7h 16.7h,your pipeline is 16.7h beihnd: catching moible sentiment leads with puslebit your pipeline is 16.7h beihnd: catching moible sentiment leads with puslebit your pipeline is 16.7h beihnd: catching moible sentiment leads with puslebit we just. 16.7h 16.7h,datascience,backend,2.3673289443554437,-1.4361802524708005,3.803509196826244,14,251,37,datascience,3.944044674214182,23,True,True,-0.14053547738793792,-9
227,datascience,datascience,Texto truncado,your pipeline is 16.7h behind: catching mobile sentiment leads with pulsebit your pipeline is 16.7h behind: catching mobile sentiment leads with pulsebit your pipeline is 16.7h behind: catching mobile sentiment leads with pulsebit we just. 16.7h 16.7h,your pipeline is 16.7h behind: catching mobile sentiment leads with pulsebit your pipeline is 16.7h behind: catching mobile,datascience,backend,2.05739684035452,-1.5552275103253654,3.6126243506798854,19,123,18,datascience,3.944044674214182,23,True,True,-0.33142032353429673,-4
227,datascience,datascience,Ruido web,your pipeline is 16.7h behind: catching mobile sentiment leads with pulsebit your pipeline is 16.7h behind: catching mobile sentiment leads with pulsebit your pipeline is 16.7h behind: catching mobile sentiment leads with pulsebit we just. 16.7h 16.7h,your pipeline is 16.7h behind: catching mobile sentiment leads with pulsebit your pipeline is 16.7h behind: catching mobile sentiment leads with pulsebit your pipeline is 16.7h behind: catching mobile sentiment leads with pulsebit we just. 16.7h 16.7h https://example.com #tech 🚀,datascience,backend,2.1050599906476277,-1.3255715754944823,3.43063156614211,25,279,40,datascience,3.944044674214182,23,True,True,-0.5134131080720721,2
77,datascience,datascience,Original,why penalty red card why were they given against england matters for sports data engineers why penalty red card why were they given against england matters for sports data engineers why penalty red card why were they given against england matters for sports data. england england,why penalty red card why were they given against england matters for sports data engineers why penalty red card why were they given against england matters for sports data engineers why penalty red card why were they given against england matters for sports data. england england,datascience,backend,1.9100748324114503,-1.2614218014527008,3.171496633864151,20,279,46,datascience,3.171496633864151,20,True,True,0.0,0
77,datascience,datascience,Minúsculas,why penalty red card why were they given against england matters for sports data engineers why penalty red card why were they given against england matters for sports data engineers why penalty red card why were they given against england matters for sports data. england england,why penalty red card why were they given against england matters for sports data engineers why penalty red card why were they given against england matters for sports data engineers why penalty red card why were they given against england matters for sports data. england england,datascience,backend,1.9100748324114503,-1.2614218014527008,3.171496633864151,20,279,46,datascience,3.171496633864151,20,True,True,0.0,0
77,datascience,datascience,Mayúsculas,why penalty red card why were they given against england matters for sports data engineers why penalty red card why were they given against england matters for sports data engineers why penalty red card why were they given against england matters for sports data. england england,WHY PENALTY RED CARD WHY WERE THEY GIVEN AGAINST ENGLAND MATTERS FOR SPORTS DATA ENGINEERS WHY PENALTY RED CARD WHY WERE THEY GIVEN AGAINST ENGLAND MATTERS FOR SPORTS DATA ENGINEERS WHY PENALTY RED CARD WHY WERE THEY GIVEN AGAINST ENGLAND MATTERS FOR SPORTS DATA. ENGLAND ENGLAND,frontend,cloud,-0.4451063611691545,-0.7587329513838929,0.3136265902147384,0,279,46,datascience,3.171496633864151,20,False,False,-2.857870043649412,-20
77,datascience,datascience,Sin puntuación,why penalty red card why were they given against england matters for sports data engineers why penalty red card why were they given against england matters for sports data engineers why penalty red card why were they given against england matters for sports data. england england,why penalty red card why were they given against england matters for sports data engineers why penalty red card why were they given against england matters for sports data engineers why penalty red card why were they given against england matters for sports data england england,datascience,backend,1.9100748324114503,-1.2614218014527008,3.171496633864151,20,278,46,datascience,3.171496633864151,20,True,True,0.0,0
77,datascience,datascience,Espacios irregulares,why penalty red card why were they given against england matters for sports data engineers why penalty red card why were they given against england matters for sports data engineers why penalty red card why were they given against england matters for sports data. england england,why   penalty   red   card   why   were   they   given   against   england   matters   for   sports   data   engineers   why   penalty   red   card   why   were   they   given   against   england   matters   for   sports   data   engineers   why   penalty   red   card   why   were   they   given   against   england   matters   for   sports   data.   england   england,datascience,backend,1.9100748324114503,-1.2614218014527008,3.171496633864151,20,369,46,datascience,3.171496633864151,20,True,True,0.0,0
77,datascience,datascience,Errores tipográficos,why penalty red card why were they given against england matters for sports data engineers why penalty red card why were they given against england matters for sports data engineers why penalty red card why were they given against england matters for sports data. england england,why penalty red card why were they given agianst england matters for sports data enigneers why penalty red card why were they given agianst england matters for sports data enigneers why penalty red card why were they given agianst england matters for sports data. enlgand england,datascience,backend,1.9031998541909774,-1.3764089110417794,3.279608765232757,16,279,46,datascience,3.171496633864151,20,True,True,0.10811213136860598,-4
77,datascience,datascience,Texto truncado,why penalty red card why were they given against england matters for sports data engineers why penalty red card why were they given against england matters for sports data engineers why penalty red card why were they given against england matters for sports data. england england,why penalty red card why were they given against england matters for sports data engineers why penalty red card why were they given,datascience,backend,1.4611564059329951,-1.0621691535021833,2.5233255594351784,20,131,23,datascience,3.171496633864151,20,True,True,-0.6481710744289724,0
77,datascience,datascience,Ruido web,why penalty red card why were they given against england matters for sports data engineers why penalty red card why were they given against england matters for sports data engineers why penalty red card why were they given against england matters for sports data. england england,why penalty red card why were they given against england matters for sports data engineers why penalty red card why were they given against england matters for sports data engineers why penalty red card why were they given against england matters for sports data. england england https://example.com #tech 🚀,datascience,backend,1.8050718373743226,-1.079921257245043,2.8849930946193654,22,307,49,datascience,3.171496633864151,20,True,True,-0.28650353924478544,2
252,datascience,datascience,Original,your pipeline is 29.2h behind: catching law sentiment leads with pulsebit your pipeline is 29.2h behind: catching law sentiment leads with pulsebit your pipeline is 29.2h behind: catching law sentiment leads with pulsebit we ve stumbled. 29.2h 29.2h,your pipeline is 29.2h behind: catching law sentiment leads with pulsebit your pipeline is 29.2h behind: catching law sentiment leads with pulsebit your pipeline is 29.2h behind: catching law sentiment leads with pulsebit we ve stumbled. 29.2h 29.2h,datascience,frontend,1.3265169158760952,-1.1783216627825372,2.5048385786586325,26,249,38,datascience,2.5048385786586325,26,True,True,0.0,0
252,datascience,datascience,Minúsculas,your pipeline is 29.2h behind: catching law sentiment leads with pulsebit your pipeline is 29.2h behind: catching law sentiment leads with pulsebit your pipeline is 29.2h behind: catching law sentiment leads with pulsebit we ve stumbled. 29.2h 29.2h,your pipeline is 29.2h behind: catching law sentiment leads with pulsebit your pipeline is 29.2h behind: catching law sentiment leads with pulsebit your pipeline is 29.2h behind: catching law sentiment leads with pulsebit we ve stumbled. 29.2h 29.2h,datascience,frontend,1.3265169158760952,-1.1783216627825372,2.5048385786586325,26,249,38,datascience,2.5048385786586325,26,True,True,0.0,0
252,datascience,datascience,Mayúsculas,your pipeline is 29.2h behind: catching law sentiment leads with pulsebit your pipeline is 29.2h behind: catching law sentiment leads with pulsebit your pipeline is 29.2h behind: catching law sentiment leads with pulsebit we ve stumbled. 29.2h 29.2h,YOUR PIPELINE IS 29.2H BEHIND: CATCHING LAW SENTIMENT LEADS WITH PULSEBIT YOUR PIPELINE IS 29.2H BEHIND: CATCHING LAW SENTIMENT LEADS WITH PULSEBIT YOUR PIPELINE IS 29.2H BEHIND: CATCHING LAW SENTIMENT LEADS WITH PULSEBIT WE VE STUMBLED. 29.2H 29.2H,frontend,cloud,-0.4451063611691545,-0.7587329513838929,0.3136265902147384,0,249,38,datascience,2.5048385786586325,26,False,False,-2.191211988443894,-26
252,datascience,datascience,Sin puntuación,your pipeline is 29.2h behind: catching law sentiment leads with pulsebit your pipeline is 29.2h behind: catching law sentiment leads with pulsebit your pipeline is 29.2h behind: catching law sentiment leads with pulsebit we ve stumbled. 29.2h 29.2h,your pipeline is 29 2h behind catching law sentiment leads with pulsebit your pipeline is 29 2h behind catching law sentiment leads with pulsebit your pipeline is 29 2h behind catching law sentiment leads with pulsebit we ve stumbled 29 2h 29 2h,datascience,frontend,1.9066431447599848,-1.3271881318049124,3.233831276564897,24,245,43,datascience,2.5048385786586325,26,True,True,0.7289926979062646,-2
252,datascience,datascience,Espacios irregulares,your pipeline is 29.2h behind: catching law sentiment leads with pulsebit your pipeline is 29.2h behind: catching law sentiment leads with pulsebit your pipeline is 29.2h behind: catching law sentiment leads with pulsebit we ve stumbled. 29.2h 29.2h,your   pipeline   is   29.2h   behind:   catching   law   sentiment   leads   with   pulsebit   your   pipeline   is   29.2h   behind:   catching   law   sentiment   leads   with   pulsebit   your   pipeline   is   29.2h   behind:   catching   law   sentiment   leads   with   pulsebit   we   ve   stumbled.   29.2h   29.2h,datascience,frontend,1.3265169158760952,-1.1783216627825372,2.5048385786586325,26,323,38,datascience,2.5048385786586325,26,True,True,0.0,0
252,datascience,datascience,Errores tipográficos,your pipeline is 29.2h behind: catching law sentiment leads with pulsebit your pipeline is 29.2h behind: catching law sentiment leads with pulsebit your pipeline is 29.2h behind: catching law sentiment leads with pulsebit we ve stumbled. 29.2h 29.2h,your pipeline is 29.2h beihnd: catching law setniment leads with pulsebit your piepline is 29.2h behind: cacthing law sentiment leads with puslebit your pipeline is 29.2h beihnd: catching law setniment leads with pulsebit we ve stmubled. 29.2h 29.2h,datascience,backend,0.9742360227998281,-1.0495918440413663,2.023827866841194,25,249,38,datascience,2.5048385786586325,26,True,True,-0.48101071181743826,-1
252,datascience,datascience,Texto truncado,your pipeline is 29.2h behind: catching law sentiment leads with pulsebit your pipeline is 29.2h behind: catching law sentiment leads with pulsebit your pipeline is 29.2h behind: catching law sentiment leads with pulsebit we ve stumbled. 29.2h 29.2h,your pipeline is 29.2h behind: catching law sentiment leads with pulsebit your pipeline is 29.2h behind: catching law sentiment,datascience,backend,1.0512517604248455,-1.1656977287998445,2.2169494892246897,22,127,19,datascience,2.5048385786586325,26,True,True,-0.28788908943394276,-4
252,datascience,datascience,Ruido web,your pipeline is 29.2h behind: catching law sentiment leads with pulsebit your pipeline is 29.2h behind: catching law sentiment leads with pulsebit your pipeline is 29.2h behind: catching law sentiment leads with pulsebit we ve stumbled. 29.2h 29.2h,your pipeline is 29.2h behind: catching law sentiment leads with pulsebit your pipeline is 29.2h behind: catching law sentiment leads with pulsebit your pipeline is 29.2h behind: catching law sentiment leads with pulsebit we ve stumbled. 29.2h 29.2h https://example.com #tech 🚀,datascience,backend,1.216026037216154,-1.0369369265861377,2.2529629638022914,28,277,41,datascience,2.5048385786586325,26,True,True,-0.251875614856341,2
150,datascience,datascience,Original,building an affordability-first credit stack: three ml projects on real lending data building an affordability-first credit stack: three ml projects on real lending data the engineering behind three fintech machine-learning projects: behavioural default risk,building an affordability-first credit stack: three ml projects on real lending data building an affordability-first credit stack: three ml projects on real lending data the engineering behind three fintech machine-learning projects: behavioural default risk,datascience,frontend,1.1834407433199519,-1.1064625950273768,2.2899033383473286,22,258,34,datascience,2.2899033383473286,22,True,True,0.0,0
150,datascience,datascience,Minúsculas,building an affordability-first credit stack: three ml projects on real lending data building an affordability-first credit stack: three ml projects on real lending data the engineering behind three fintech machine-learning projects: behavioural default risk,building an affordability-first credit stack: three ml projects on real lending data building an affordability-first credit stack: three ml projects on real lending data the engineering behind three fintech machine-learning projects: behavioural default risk,datascience,frontend,1.1834407433199519,-1.1064625950273768,2.2899033383473286,22,258,34,datascience,2.2899033383473286,22,True,True,0.0,0
150,datascience,datascience,Mayúsculas,building an affordability-first credit stack: three ml projects on real lending data building an affordability-first credit stack: three ml projects on real lending data the engineering behind three fintech machine-learning projects: behavioural default risk,BUILDING AN AFFORDABILITY-FIRST CREDIT STACK: THREE ML PROJECTS ON REAL LENDING DATA BUILDING AN AFFORDABILITY-FIRST CREDIT STACK: THREE ML PROJECTS ON REAL LENDING DATA THE ENGINEERING BEHIND THREE FINTECH MACHINE-LEARNING PROJECTS: BEHAVIOURAL DEFAULT RISK,frontend,cloud,-0.4451063611691545,-0.7587329513838929,0.3136265902147384,0,258,34,datascience,2.2899033383473286,22,False,False,-1.9762767481325902,-22
150,datascience,datascience,Sin puntuación,building an affordability-first credit stack: three ml projects on real lending data building an affordability-first credit stack: three ml projects on real lending data the engineering behind three fintech machine-learning projects: behavioural default risk,building an affordability first credit stack three ml projects on real lending data building an affordability first credit stack three ml projects on real lending data the engineering behind three fintech machine learning projects behavioural default risk,datascience,frontend,1.6882197996018085,-1.3471401073356803,3.035359906937489,26,255,37,datascience,2.2899033383473286,22,True,True,0.7454565685901602,4
150,datascience,datascience,Espacios irregulares,building an affordability-first credit stack: three ml projects on real lending data building an affordability-first credit stack: three ml projects on real lending data the engineering behind three fintech machine-learning projects: behavioural default risk,building   an   affordability-first   credit   stack:   three   ml   projects   on   real   lending   data   building   an   affordability-first   credit   stack:   three   ml   projects   on   real   lending   data   the   engineering   behind   three   fintech   machine-learning   projects:   behavioural   default   risk,datascience,frontend,1.1834407433199519,-1.1064625950273768,2.2899033383473286,22,324,34,datascience,2.2899033383473286,22,True,True,0.0,0
150,datascience,datascience,Errores tipográficos,building an affordability-first credit stack: three ml projects on real lending data building an affordability-first credit stack: three ml projects on real lending data the engineering behind three fintech machine-learning projects: behavioural default risk,building an afofrdability-first credit stcak: three ml projects on real ledning data building an afofrdability-first credit stcak: three ml projects on real ledning data the engineering beihnd three fintech mahcine-learning projects: beahvioural default risk,datascience,frontend,1.238850948366843,-1.1014149079036382,2.3402658562704812,20,258,34,datascience,2.2899033383473286,22,True,True,0.050362517923152605,-2
150,datascience,datascience,Texto truncado,building an affordability-first credit stack: three ml projects on real lending data building an affordability-first credit stack: three ml projects on real lending data the engineering behind three fintech machine-learning projects: behavioural default risk,building an affordability-first credit stack: three ml projects on real lending data building an affordability-first credit stack:,datascience,frontend,0.592805914721501,-0.4075257634890038,1.0003316782105047,14,130,17,datascience,2.2899033383473286,22,True,True,-1.289571660136824,-8
150,datascience,datascience,Ruido web,building an affordability-first credit stack: three ml projects on real lending data building an affordability-first credit stack: three ml projects on real lending data the engineering behind three fintech machine-learning projects: behavioural default risk,building an affordability-first credit stack: three ml projects on real lending data building an affordability-first credit stack: three ml projects on real lending data the engineering behind three fintech machine-learning projects: behavioural default risk https://example.com #tech 🚀,datascience,frontend,1.0230105080528096,-1.1165526180743492,2.139563126127159,24,286,37,datascience,2.2899033383473286,22,True,True,-0.1503402122201698,2
410,datascience,datascience,Original,your pipeline is 22.9h behind: catching trade sentiment leads with pulsebit your pipeline is 22.9h behind: catching trade sentiment leads with pulsebit your pipeline is 22.9h behind: catching trade sentiment leads with pulsebit we recently. 22.9h 22.9h,your pipeline is 22.9h behind: catching trade sentiment leads with pulsebit your pipeline is 22.9h behind: catching trade sentiment leads with pulsebit your pipeline is 22.9h behind: catching trade sentiment leads with pulsebit we recently. 22.9h 22.9h,datascience,backend,1.765852570539697,-1.5142906008699282,3.280143171409625,27,252,37,datascience,3.280143171409625,27,True,True,0.0,0
410,datascience,datascience,Minúsculas,your pipeline is 22.9h behind: catching trade sentiment leads with pulsebit your pipeline is 22.9h behind: catching trade sentiment leads with pulsebit your pipeline is 22.9h behind: catching trade sentiment leads with pulsebit we recently. 22.9h 22.9h,your pipeline is 22.9h behind: catching trade sentiment leads with pulsebit your pipeline is 22.9h behind: catching trade sentiment leads with pulsebit your pipeline is 22.9h behind: catching trade sentiment leads with pulsebit we recently. 22.9h 22.9h,datascience,backend,1.765852570539697,-1.5142906008699282,3.280143171409625,27,252,37,datascience,3.280143171409625,27,True,True,0.0,0
410,datascience,datascience,Mayúsculas,your pipeline is 22.9h behind: catching trade sentiment leads with pulsebit your pipeline is 22.9h behind: catching trade sentiment leads with pulsebit your pipeline is 22.9h behind: catching trade sentiment leads with pulsebit we recently. 22.9h 22.9h,YOUR PIPELINE IS 22.9H BEHIND: CATCHING TRADE SENTIMENT LEADS WITH PULSEBIT YOUR PIPELINE IS 22.9H BEHIND: CATCHING TRADE SENTIMENT LEADS WITH PULSEBIT YOUR PIPELINE IS 22.9H BEHIND: CATCHING TRADE SENTIMENT LEADS WITH PULSEBIT WE RECENTLY. 22.9H 22.9H,frontend,cloud,-0.4451063611691545,-0.7587329513838929,0.3136265902147384,0,252,37,datascience,3.280143171409625,27,False,False,-2.9665165811948864,-27
410,datascience,datascience,Sin puntuación,your pipeline is 22.9h behind: catching trade sentiment leads with pulsebit your pipeline is 22.9h behind: catching trade sentiment leads with pulsebit your pipeline is 22.9h behind: catching trade sentiment leads with pulsebit we recently. 22.9h 22.9h,your pipeline is 22 9h behind catching trade sentiment leads with pulsebit your pipeline is 22 9h behind catching trade sentiment leads with pulsebit your pipeline is 22 9h behind catching trade sentiment leads with pulsebit we recently 22 9h 22 9h,datascience,frontend,2.188737254203009,-1.5459595351712694,3.7346967893742784,24,248,42,datascience,3.280143171409625,27,True,True,0.45455361796465343,-3
410,datascience,datascience,Espacios irregulares,your pipeline is 22.9h behind: catching trade sentiment leads with pulsebit your pipeline is 22.9h behind: catching trade sentiment leads with pulsebit your pipeline is 22.9h behind: catching trade sentiment leads with pulsebit we recently. 22.9h 22.9h,your   pipeline   is   22.9h   behind:   catching   trade   sentiment   leads   with   pulsebit   your   pipeline   is   22.9h   behind:   catching   trade   sentiment   leads   with   pulsebit   your   pipeline   is   22.9h   behind:   catching   trade   sentiment   leads   with   pulsebit   we   recently.   22.9h   22.9h,datascience,backend,1.765852570539697,-1.5142906008699282,3.280143171409625,27,324,37,datascience,3.280143171409625,27,True,True,0.0,0
410,datascience,datascience,Errores tipográficos,your pipeline is 22.9h behind: catching trade sentiment leads with pulsebit your pipeline is 22.9h behind: catching trade sentiment leads with pulsebit your pipeline is 22.9h behind: catching trade sentiment leads with pulsebit we recently. 22.9h 22.9h,your pipeline is 22.9h beihnd: catching trade setniment leads with pulsebit your piepline is 22.9h behind: cacthing trade sentiment leads with puslebit your pipeline is 22.9h beihnd: catching trade setniment leads with pulsebit we reecntly. 22.9h 22.9h,datascience,backend,1.4693102597143164,-1.3200690190833768,2.789379278797693,24,252,37,datascience,3.280143171409625,27,True,True,-0.49076389261193176,-3
410,datascience,datascience,Texto truncado,your pipeline is 22.9h behind: catching trade sentiment leads with pulsebit your pipeline is 22.9h behind: catching trade sentiment leads with pulsebit your pipeline is 22.9h behind: catching trade sentiment leads with pulsebit we recently. 22.9h 22.9h,your pipeline is 22.9h behind: catching trade sentiment leads with pulsebit your pipeline is 22.9h behind: catching trade,datascience,backend,1.5292086398183242,-1.4277019792362748,2.9569106190545993,22,121,18,datascience,3.280143171409625,27,True,True,-0.3232325523550257,-5
410,datascience,datascience,Ruido web,your pipeline is 22.9h behind: catching trade sentiment leads with pulsebit your pipeline is 22.9h behind: catching trade sentiment leads with pulsebit your pipeline is 22.9h behind: catching trade sentiment leads with pulsebit we recently. 22.9h 22.9h,your pipeline is 22.9h behind: catching trade sentiment leads with pulsebit your pipeline is 22.9h behind: catching trade sentiment leads with pulsebit your pipeline is 22.9h behind: catching trade sentiment leads with pulsebit we recently. 22.9h 22.9h https://example.com #tech 🚀,datascience,backend,1.6423423623759468,-1.3015066553870658,2.9438490177630126,29,280,40,datascience,3.280143171409625,27,True,True,-0.3362941536466124,2
272,datascience,datascience,Original,the 47-point vig trap: how bookmaker margins hide profitable opportunities in plain sight jun 29 the 47-point vig trap: how bookmaker margins hide profitable opportunities in plain sight jun 29 sportsbooks are openly advertising their own inefficiencies yet 99 of bettors never notice. i spent. 99% 99%,the 47-point vig trap: how bookmaker margins hide profitable opportunities in plain sight jun 29 the 47-point vig trap: how bookmaker margins hide profitable opportunities in plain sight jun 29 sportsbooks are openly advertising their own inefficiencies yet 99 of bettors never notice. i spent. 99% 99%,datascience,backend,0.5363058619094245,-0.7784259051759673,1.3147317670853917,27,302,47,datascience,1.3147317670853917,27,True,True,0.0,0
272,datascience,datascience,Minúsculas,the 47-point vig trap: how bookmaker margins hide profitable opportunities in plain sight jun 29 the 47-point vig trap: how bookmaker margins hide profitable opportunities in plain sight jun 29 sportsbooks are openly advertising their own inefficiencies yet 99 of bettors never notice. i spent. 99% 99%,the 47-point vig trap: how bookmaker margins hide profitable opportunities in plain sight jun 29 the 47-point vig trap: how bookmaker margins hide profitable opportunities in plain sight jun 29 sportsbooks are openly advertising their own inefficiencies yet 99 of bettors never notice. i spent. 99% 99%,datascience,backend,0.5363058619094245,-0.7784259051759673,1.3147317670853917,27,302,47,datascience,1.3147317670853917,27,True,True,0.0,0
272,datascience,datascience,Mayúsculas,the 47-point vig trap: how bookmaker margins hide profitable opportunities in plain sight jun 29 the 47-point vig trap: how bookmaker margins hide profitable opportunities in plain sight jun 29 sportsbooks are openly advertising their own inefficiencies yet 99 of bettors never notice. i spent. 99% 99%,THE 47-POINT VIG TRAP: HOW BOOKMAKER MARGINS HIDE PROFITABLE OPPORTUNITIES IN PLAIN SIGHT JUN 29 THE 47-POINT VIG TRAP: HOW BOOKMAKER MARGINS HIDE PROFITABLE OPPORTUNITIES IN PLAIN SIGHT JUN 29 SPORTSBOOKS ARE OPENLY ADVERTISING THEIR OWN INEFFICIENCIES YET 99 OF BETTORS NEVER NOTICE. I SPENT. 99% 99%,frontend,datascience,-0.3481279951976715,-0.41946283612922575,0.07133484093155423,3,302,47,datascience,1.3147317670853917,27,False,False,-1.2433969261538376,-24
272,datascience,datascience,Sin puntuación,the 47-point vig trap: how bookmaker margins hide profitable opportunities in plain sight jun 29 the 47-point vig trap: how bookmaker margins hide profitable opportunities in plain sight jun 29 sportsbooks are openly advertising their own inefficiencies yet 99 of bettors never notice. i spent. 99% 99%,the 47 point vig trap how bookmaker margins hide profitable opportunities in plain sight jun 29 the 47 point vig trap how bookmaker margins hide profitable opportunities in plain sight jun 29 sportsbooks are openly advertising their own inefficiencies yet 99 of bettors never notice i spent 99 99,datascience,backend,0.3728169102486343,-0.800207950575057,1.1730248608236913,29,296,49,datascience,1.3147317670853917,27,True,True,-0.14170690626170046,2
272,datascience,datascience,Espacios irregulares,the 47-point vig trap: how bookmaker margins hide profitable opportunities in plain sight jun 29 the 47-point vig trap: how bookmaker margins hide profitable opportunities in plain sight jun 29 sportsbooks are openly advertising their own inefficiencies yet 99 of bettors never notice. i spent. 99% 99%,the   47-point   vig   trap:   how   bookmaker   margins   hide   profitable   opportunities   in   plain   sight   jun   29   the   47-point   vig   trap:   how   bookmaker   margins   hide   profitable   opportunities   in   plain   sight   jun   29   sportsbooks   are   openly   advertising   their   own   inefficiencies   yet   99   of   bettors   never   notice.   i   spent.   99%   99%,datascience,backend,0.5363058619094245,-0.7784259051759673,1.3147317670853917,27,394,47,datascience,1.3147317670853917,27,True,True,0.0,0
272,datascience,datascience,Errores tipográficos,the 47-point vig trap: how bookmaker margins hide profitable opportunities in plain sight jun 29 the 47-point vig trap: how bookmaker margins hide profitable opportunities in plain sight jun 29 sportsbooks are openly advertising their own inefficiencies yet 99 of bettors never notice. i spent. 99% 99%,the 47-point vig trap: how bokomaker margins hide prfoitable opportunities in plain sight jun 29 the 47p-oint vig trap: how bookmaker magrins hide profitable opoprtunities in plain sight jun 29 sportsbooks are opnely advertising their own infeficiencies yet 99 of bettors never noitce. i spent. 99% 99%,datascience,backend,0.486252615269682,-0.7700818682191053,1.2563344834887873,26,302,47,datascience,1.3147317670853917,27,True,True,-0.058397283596604455,-1
272,datascience,datascience,Texto truncado,the 47-point vig trap: how bookmaker margins hide profitable opportunities in plain sight jun 29 the 47-point vig trap: how bookmaker margins hide profitable opportunities in plain sight jun 29 sportsbooks are openly advertising their own inefficiencies yet 99 of bettors never notice. i spent. 99% 99%,the 47-point vig trap: how bookmaker margins hide profitable opportunities in plain sight jun 29 the 47-point vig trap: how bookmaker margins hide,datascience,backend,0.4077675159702281,-0.5755407934422373,0.9833083094124654,12,146,23,datascience,1.3147317670853917,27,True,True,-0.33142345767292636,-15
272,datascience,datascience,Ruido web,the 47-point vig trap: how bookmaker margins hide profitable opportunities in plain sight jun 29 the 47-point vig trap: how bookmaker margins hide profitable opportunities in plain sight jun 29 sportsbooks are openly advertising their own inefficiencies yet 99 of bettors never notice. i spent. 99% 99%,the 47-point vig trap: how bookmaker margins hide profitable opportunities in plain sight jun 29 the 47-point vig trap: how bookmaker margins hide profitable opportunities in plain sight jun 29 sportsbooks are openly advertising their own inefficiencies yet 99 of bettors never notice. i spent. 99% 99% https://example.com #tech 🚀,datascience,backend,0.4204916854251761,-0.5567247649547273,0.9772164503799035,29,330,50,datascience,1.3147317670853917,27,True,True,-0.3375153167054883,2
181,frontend,frontend,Original,handling network drops: build offline-aware react uis handling network drops: build offline-aware react uis liquid syntax error: variable raw was not properly terminated with regexp:,handling network drops: build offline-aware react uis handling network drops: build offline-aware react uis liquid syntax error: variable raw was not properly terminated with regexp:,frontend,cloud,1.2956238572653058,-1.3713358920842675,2.6669597493495734,26,182,25,frontend,2.6669597493495734,26,True,True,0.0,0
181,frontend,frontend,Minúsculas,handling network drops: build offline-aware react uis handling network drops: build offline-aware react uis liquid syntax error: variable raw was not properly terminated with regexp:,handling network drops: build offline-aware react uis handling network drops: build offline-aware react uis liquid syntax error: variable raw was not properly terminated with regexp:,frontend,cloud,1.2956238572653058,-1.3713358920842675,2.6669597493495734,26,182,25,frontend,2.6669597493495734,26,True,True,0.0,0
181,frontend,frontend,Mayúsculas,handling network drops: build offline-aware react uis handling network drops: build offline-aware react uis liquid syntax error: variable raw was not properly terminated with regexp:,HANDLING NETWORK DROPS: BUILD OFFLINE-AWARE REACT UIS HANDLING NETWORK DROPS: BUILD OFFLINE-AWARE REACT UIS LIQUID SYNTAX ERROR: VARIABLE RAW WAS NOT PROPERLY TERMINATED WITH REGEXP:,frontend,cloud,-0.4451063611691545,-0.7587329513838929,0.3136265902147384,0,182,25,frontend,2.6669597493495734,26,True,True,-2.353333159134835,-26
181,frontend,frontend,Sin puntuación,handling network drops: build offline-aware react uis handling network drops: build offline-aware react uis liquid syntax error: variable raw was not properly terminated with regexp:,handling network drops build offline aware react uis handling network drops build offline aware react uis liquid syntax error variable raw was not properly terminated with regexp,frontend,cloud,1.4736513335932364,-1.4417695175044123,2.9154208510976485,27,178,27,frontend,2.6669597493495734,26,True,True,0.24846110174807512,1
181,frontend,frontend,Espacios irregulares,handling network drops: build offline-aware react uis handling network drops: build offline-aware react uis liquid syntax error: variable raw was not properly terminated with regexp:,handling   network   drops:   build   offline-aware   react   uis   handling   network   drops:   build   offline-aware   react   uis   liquid   syntax   error:   variable   raw   was   not   properly   terminated   with   regexp:,frontend,cloud,1.2956238572653058,-1.3713358920842675,2.6669597493495734,26,230,25,frontend,2.6669597493495734,26,True,True,0.0,0
181,frontend,frontend,Errores tipográficos,handling network drops: build offline-aware react uis handling network drops: build offline-aware react uis liquid syntax error: variable raw was not properly terminated with regexp:,handling newtork drops: build oflfine-aware react uis handling newtork drops: build oflfine-aware react uis liquid sytnax error: vairable raw was not properly temrinated with regexp:,frontend,cloud,1.2072838956629477,-1.27978007471669,2.487063970379638,16,182,25,frontend,2.6669597493495734,26,True,True,-0.17989577896993536,-10
181,frontend,frontend,Texto truncado,handling network drops: build offline-aware react uis handling network drops: build offline-aware react uis liquid syntax error: variable raw was not properly terminated with regexp:,handling network drops: build offline-aware react uis handling network drops: build offline-aware,frontend,cloud,0.5587950499048783,-1.0249669023722578,1.5837619522771362,5,97,12,frontend,2.6669597493495734,26,True,True,-1.0831977970724371,-21
181,frontend,frontend,Ruido web,handling network drops: build offline-aware react uis handling network drops: build offline-aware react uis liquid syntax error: variable raw was not properly terminated with regexp:,handling network drops: build offline-aware react uis handling network drops: build offline-aware react uis liquid syntax error: variable raw was not properly terminated with regexp: https://example.com #tech 🚀,frontend,backend,1.2044712050056576,-1.274515259495025,2.4789864645006827,28,210,28,frontend,2.6669597493495734,26,True,True,-0.18797328484889064,2
652,frontend,frontend,Original,what is content security policy csp what is content security policy csp one of the most important yet often underrated topics in frontend security is content security.,what is content security policy csp what is content security policy csp one of the most important yet often underrated topics in frontend security is content security.,frontend,cloud,0.536885370114644,-0.6590090874977858,1.1958944576124297,26,167,27,frontend,1.1958944576124297,26,True,True,0.0,0
652,frontend,frontend,Minúsculas,what is content security policy csp what is content security policy csp one of the most important yet often underrated topics in frontend security is content security.,what is content security policy csp what is content security policy csp one of the most important yet often underrated topics in frontend security is content security.,frontend,cloud,0.536885370114644,-0.6590090874977858,1.1958944576124297,26,167,27,frontend,1.1958944576124297,26,True,True,0.0,0
652,frontend,frontend,Mayúsculas,what is content security policy csp what is content security policy csp one of the most important yet often underrated topics in frontend security is content security.,WHAT IS CONTENT SECURITY POLICY CSP WHAT IS CONTENT SECURITY POLICY CSP ONE OF THE MOST IMPORTANT YET OFTEN UNDERRATED TOPICS IN FRONTEND SECURITY IS CONTENT SECURITY.,frontend,cloud,-0.4451063611691545,-0.7587329513838929,0.3136265902147384,0,167,27,frontend,1.1958944576124297,26,True,True,-0.8822678673976914,-26
652,frontend,frontend,Sin puntuación,what is content security policy csp what is content security policy csp one of the most important yet often underrated topics in frontend security is content security.,what is content security policy csp what is content security policy csp one of the most important yet often underrated topics in frontend security is content security,frontend,cloud,0.536885370114644,-0.6590090874977858,1.1958944576124297,26,166,27,frontend,1.1958944576124297,26,True,True,0.0,0
652,frontend,frontend,Espacios irregulares,what is content security policy csp what is content security policy csp one of the most important yet often underrated topics in frontend security is content security.,what   is   content   security   policy   csp   what   is   content   security   policy   csp   one   of   the   most   important   yet   often   underrated   topics   in   frontend   security   is   content   security.,frontend,cloud,0.536885370114644,-0.6590090874977858,1.1958944576124297,26,219,27,frontend,1.1958944576124297,26,True,True,0.0,0
652,frontend,frontend,Errores tipográficos,what is content security policy csp what is content security policy csp one of the most important yet often underrated topics in frontend security is content security.,what is content seucrity policy csp what is cotnent security poilcy csp one of the most important yet often unedrrated topics in frnotend security is cotnent security.,cloud,backend,-0.11038265193152974,-0.5872081763678656,0.47682552443633586,20,167,27,frontend,1.1958944576124297,26,False,False,-0.7190689331760939,-6
652,frontend,frontend,Texto truncado,what is content security policy csp what is content security policy csp one of the most important yet often underrated topics in frontend security is content security.,what is content security policy csp what is content security policy csp one,frontend,cloud,-0.06699121186385498,-0.28699059304622276,0.21999938118236778,10,75,13,frontend,1.1958944576124297,26,True,True,-0.975895076430062,-16
652,frontend,frontend,Ruido web,what is content security policy csp what is content security policy csp one of the most important yet often underrated topics in frontend security is content security.,what is content security policy csp what is content security policy csp one of the most important yet often underrated topics in frontend security is content security. https://example.com #tech 🚀,frontend,cloud,0.4847634179127903,-0.7281451943110224,1.2129086122238126,28,195,30,frontend,1.1958944576124297,26,True,True,0.017014154611382892,2
366,frontend,frontend,Original,upgrading to next.js 16: field notes from two production apps upgrading to next.js 16: field notes from two production apps headline: i upgraded two real apps this portfolio and an internal operations dashboard from.,upgrading to next.js 16: field notes from two production apps upgrading to next.js 16: field notes from two production apps headline: i upgraded two real apps this portfolio and an internal operations dashboard from.,frontend,backend,0.4706139184216932,-0.7495864096526981,1.2202003280743914,22,216,34,frontend,1.2202003280743914,22,True,True,0.0,0
366,frontend,frontend,Minúsculas,upgrading to next.js 16: field notes from two production apps upgrading to next.js 16: field notes from two production apps headline: i upgraded two real apps this portfolio and an internal operations dashboard from.,upgrading to next.js 16: field notes from two production apps upgrading to next.js 16: field notes from two production apps headline: i upgraded two real apps this portfolio and an internal operations dashboard from.,frontend,backend,0.4706139184216932,-0.7495864096526981,1.2202003280743914,22,216,34,frontend,1.2202003280743914,22,True,True,0.0,0
366,frontend,frontend,Mayúsculas,upgrading to next.js 16: field notes from two production apps upgrading to next.js 16: field notes from two production apps headline: i upgraded two real apps this portfolio and an internal operations dashboard from.,UPGRADING TO NEXT.JS 16: FIELD NOTES FROM TWO PRODUCTION APPS UPGRADING TO NEXT.JS 16: FIELD NOTES FROM TWO PRODUCTION APPS HEADLINE: I UPGRADED TWO REAL APPS THIS PORTFOLIO AND AN INTERNAL OPERATIONS DASHBOARD FROM.,backend,frontend,-0.2897254717957953,-0.5118734664968108,0.22214799470101548,1,216,34,frontend,1.2202003280743914,22,False,False,-0.998052333373376,-21
366,frontend,frontend,Sin puntuación,upgrading to next.js 16: field notes from two production apps upgrading to next.js 16: field notes from two production apps headline: i upgraded two real apps this portfolio and an internal operations dashboard from.,upgrading to next js 16 field notes from two production apps upgrading to next js 16 field notes from two production apps headline i upgraded two real apps this portfolio and an internal operations dashboard from,frontend,backend,0.3062540019384955,-0.6777930985165953,0.9840471004550908,23,212,36,frontend,1.2202003280743914,22,True,True,-0.23615322761930058,1
366,frontend,frontend,Espacios irregulares,upgrading to next.js 16: field notes from two production apps upgrading to next.js 16: field notes from two production apps headline: i upgraded two real apps this portfolio and an internal operations dashboard from.,upgrading   to   next.js   16:   field   notes   from   two   production   apps   upgrading   to   next.js   16:   field   notes   from   two   production   apps   headline:   i   upgraded   two   real   apps   this   portfolio   and   an   internal   operations   dashboard   from.,frontend,backend,0.4706139184216932,-0.7495864096526981,1.2202003280743914,22,282,34,frontend,1.2202003280743914,22,True,True,0.0,0
366,frontend,frontend,Errores tipográficos,upgrading to next.js 16: field notes from two production apps upgrading to next.js 16: field notes from two production apps headline: i upgraded two real apps this portfolio and an internal operations dashboard from.,upgrading to netx.js 16: field notes from two production apps uprgading to next.js 16: field notes from two prdouction apps headline: i uprgaded two real apps this portfolio and an inetrnal operations dahsboard from.,frontend,backend,0.2670286121059987,-0.6287694058503501,0.8957980179563488,19,216,34,frontend,1.2202003280743914,22,True,True,-0.32440231011804255,-3
366,frontend,frontend,Texto truncado,upgrading to next.js 16: field notes from two production apps upgrading to next.js 16: field notes from two production apps headline: i upgraded two real apps this portfolio and an internal operations dashboard from.,upgrading to next.js 16: field notes from two production apps upgrading to next.js 16: field notes from,frontend,backend,0.07608636782139244,-0.7999897475945309,0.8760761154159233,10,103,17,frontend,1.2202003280743914,22,True,True,-0.34412421265846804,-12
366,frontend,frontend,Ruido web,upgrading to next.js 16: field notes from two production apps upgrading to next.js 16: field notes from two production apps headline: i upgraded two real apps this portfolio and an internal operations dashboard from.,upgrading to next.js 16: field notes from two production apps upgrading to next.js 16: field notes from two production apps headline: i upgraded two real apps this portfolio and an internal operations dashboard from. https://example.com #tech 🚀,frontend,backend,0.40691925128925144,-0.4755579647830306,0.882477216072282,24,244,37,frontend,1.2202003280743914,22,True,True,-0.33772311200210936,2
688,frontend,frontend,Original,authentication done right: a jedi s guide to jwt sessions and oauth authentication done right: a jedi s guide to jwt sessions and oauth the quest begins the why honestly i still remember the first time i tried to add.,authentication done right: a jedi s guide to jwt sessions and oauth authentication done right: a jedi s guide to jwt sessions and oauth the quest begins the why honestly i still remember the first time i tried to add.,frontend,cloud,1.4058482117126472,-1.1785777923624328,2.58442600407508,48,217,40,frontend,2.58442600407508,48,True,True,0.0,0
688,frontend,frontend,Minúsculas,authentication done right: a jedi s guide to jwt sessions and oauth authentication done right: a jedi s guide to jwt sessions and oauth the quest begins the why honestly i still remember the first time i tried to add.,authentication done right: a jedi s guide to jwt sessions and oauth authentication done right: a jedi s guide to jwt sessions and oauth the quest begins the why honestly i still remember the first time i tried to add.,frontend,cloud,1.4058482117126472,-1.1785777923624328,2.58442600407508,48,217,40,frontend,2.58442600407508,48,True,True,0.0,0
688,frontend,frontend,Mayúsculas,authentication done right: a jedi s guide to jwt sessions and oauth authentication done right: a jedi s guide to jwt sessions and oauth the quest begins the why honestly i still remember the first time i tried to add.,AUTHENTICATION DONE RIGHT: A JEDI S GUIDE TO JWT SESSIONS AND OAUTH AUTHENTICATION DONE RIGHT: A JEDI S GUIDE TO JWT SESSIONS AND OAUTH THE QUEST BEGINS THE WHY HONESTLY I STILL REMEMBER THE FIRST TIME I TRIED TO ADD.,frontend,cloud,-0.4451063611691545,-0.7587329513838929,0.3136265902147384,0,217,40,frontend,2.58442600407508,48,True,True,-2.270799413860342,-48
688,frontend,frontend,Sin puntuación,authentication done right: a jedi s guide to jwt sessions and oauth authentication done right: a jedi s guide to jwt sessions and oauth the quest begins the why honestly i still remember the first time i tried to add.,authentication done right a jedi s guide to jwt sessions and oauth authentication done right a jedi s guide to jwt sessions and oauth the quest begins the why honestly i still remember the first time i tried to add,frontend,cloud,1.4058482117126472,-1.1785777923624328,2.58442600407508,48,214,40,frontend,2.58442600407508,48,True,True,0.0,0
688,frontend,frontend,Espacios irregulares,authentication done right: a jedi s guide to jwt sessions and oauth authentication done right: a jedi s guide to jwt sessions and oauth the quest begins the why honestly i still remember the first time i tried to add.,authentication   done   right:   a   jedi   s   guide   to   jwt   sessions   and   oauth   authentication   done   right:   a   jedi   s   guide   to   jwt   sessions   and   oauth   the   quest   begins   the   why   honestly   i   still   remember   the   first   time   i   tried   to   add.,frontend,cloud,1.4058482117126472,-1.1785777923624328,2.58442600407508,48,295,40,frontend,2.58442600407508,48,True,True,0.0,0
688,frontend,frontend,Errores tipográficos,authentication done right: a jedi s guide to jwt sessions and oauth authentication done right: a jedi s guide to jwt sessions and oauth the quest begins the why honestly i still remember the first time i tried to add.,authentication done rihgt: a jedi s guide to jwt sessions and oauth auhtentication done right: a jedi s guide to jwt sessions and oauth the quest begins the why hoenstly i still remember the first time i tried to add.,frontend,cloud,1.2270050255099214,-1.1125089631627108,2.339513988672632,45,217,40,frontend,2.58442600407508,48,True,True,-0.244912015402448,-3
688,frontend,frontend,Texto truncado,authentication done right: a jedi s guide to jwt sessions and oauth authentication done right: a jedi s guide to jwt sessions and oauth the quest begins the why honestly i still remember the first time i tried to add.,authentication done right: a jedi s guide to jwt sessions and oauth authentication done right: a jedi s guide to,frontend,cloud,0.6430204611157139,-1.0169610929142985,1.6599815540300122,21,112,20,frontend,2.58442600407508,48,True,True,-0.9244444500450677,-27
688,frontend,frontend,Ruido web,authentication done right: a jedi s guide to jwt sessions and oauth authentication done right: a jedi s guide to jwt sessions and oauth the quest begins the why honestly i still remember the first time i tried to add.,authentication done right: a jedi s guide to jwt sessions and oauth authentication done right: a jedi s guide to jwt sessions and oauth the quest begins the why honestly i still remember the first time i tried to add. https://example.com #tech 🚀,frontend,cloud,1.3572108068074913,-1.2237036734391222,2.5809144802466135,50,245,43,frontend,2.58442600407508,48,True,True,-0.003511523828466423,2
536,frontend,frontend,Original,10 best sites to buy gmail accounts in bulk accounts for 10 best sites to buy gmail accounts in bulk accounts for introduction 24/7 online support telegram: whatsapp: telegram whatsapp telegram whatsapp,10 best sites to buy gmail accounts in bulk accounts for 10 best sites to buy gmail accounts in bulk accounts for introduction 24/7 online support telegram: whatsapp: telegram whatsapp telegram whatsapp,frontend,backend,0.47394168934684555,-0.8735403671818944,1.34748205652874,25,202,32,frontend,1.34748205652874,25,True,True,0.0,0
536,frontend,frontend,Minúsculas,10 best sites to buy gmail accounts in bulk accounts for 10 best sites to buy gmail accounts in bulk accounts for introduction 24/7 online support telegram: whatsapp: telegram whatsapp telegram whatsapp,10 best sites to buy gmail accounts in bulk accounts for 10 best sites to buy gmail accounts in bulk accounts for introduction 24/7 online support telegram: whatsapp: telegram whatsapp telegram whatsapp,frontend,backend,0.47394168934684555,-0.8735403671818944,1.34748205652874,25,202,32,frontend,1.34748205652874,25,True,True,0.0,0
536,frontend,frontend,Mayúsculas,10 best sites to buy gmail accounts in bulk accounts for 10 best sites to buy gmail accounts in bulk accounts for introduction 24/7 online support telegram: whatsapp: telegram whatsapp telegram whatsapp,10 BEST SITES TO BUY GMAIL ACCOUNTS IN BULK ACCOUNTS FOR 10 BEST SITES TO BUY GMAIL ACCOUNTS IN BULK ACCOUNTS FOR INTRODUCTION 24/7 ONLINE SUPPORT TELEGRAM: WHATSAPP: TELEGRAM WHATSAPP TELEGRAM WHATSAPP,datascience,frontend,-0.0713477822910562,-0.48726538493446525,0.41591760264340905,2,202,32,frontend,1.34748205652874,25,False,False,-0.9315644538853309,-23
536,frontend,frontend,Sin puntuación,10 best sites to buy gmail accounts in bulk accounts for 10 best sites to buy gmail accounts in bulk accounts for introduction 24/7 online support telegram: whatsapp: telegram whatsapp telegram whatsapp,10 best sites to buy gmail accounts in bulk accounts for 10 best sites to buy gmail accounts in bulk accounts for introduction 24 7 online support telegram whatsapp telegram whatsapp telegram whatsapp,frontend,backend,0.41917982025115363,-0.7864610980232284,1.2056409182743821,26,200,33,frontend,1.34748205652874,25,True,True,-0.14184113825435785,1
536,frontend,frontend,Espacios irregulares,10 best sites to buy gmail accounts in bulk accounts for 10 best sites to buy gmail accounts in bulk accounts for introduction 24/7 online support telegram: whatsapp: telegram whatsapp telegram whatsapp,10   best   sites   to   buy   gmail   accounts   in   bulk   accounts   for   10   best   sites   to   buy   gmail   accounts   in   bulk   accounts   for   introduction   24/7   online   support   telegram:   whatsapp:   telegram   whatsapp   telegram   whatsapp,frontend,backend,0.47394168934684555,-0.8735403671818944,1.34748205652874,25,264,32,frontend,1.34748205652874,25,True,True,0.0,0
536,frontend,frontend,Errores tipográficos,10 best sites to buy gmail accounts in bulk accounts for 10 best sites to buy gmail accounts in bulk accounts for introduction 24/7 online support telegram: whatsapp: telegram whatsapp telegram whatsapp,10 best sites to buy gmail accounts in bulk acocunts for 10 best sites to buy gmail accounts in bulk acocunts for introduction 24/7 onilne support teelgram: whatsapp: teelgram whatsapp teelgram whatsapp,frontend,backend,0.4219822580216236,-0.9197561035418892,1.3417383615635128,22,202,32,frontend,1.34748205652874,25,True,True,-0.005743694965227197,-3
536,frontend,frontend,Texto truncado,10 best sites to buy gmail accounts in bulk accounts for 10 best sites to buy gmail accounts in bulk accounts for introduction 24/7 online support telegram: whatsapp: telegram whatsapp telegram whatsapp,10 best sites to buy gmail accounts in bulk accounts for 10 best sites to buy,frontend,cloud,0.898094150412947,-0.8637821926196748,1.7618763430326219,19,77,16,frontend,1.34748205652874,25,True,True,0.4143942865038819,-6
536,frontend,frontend,Ruido web,10 best sites to buy gmail accounts in bulk accounts for 10 best sites to buy gmail accounts in bulk accounts for introduction 24/7 online support telegram: whatsapp: telegram whatsapp telegram whatsapp,10 best sites to buy gmail accounts in bulk accounts for 10 best sites to buy gmail accounts in bulk accounts for introduction 24/7 online support telegram: whatsapp: telegram whatsapp telegram whatsapp https://example.com #tech 🚀,frontend,backend,0.4381001035034252,-0.6868510320783138,1.124951135581739,27,230,35,frontend,1.34748205652874,25,True,True,-0.222530920947001,2
758,frontend,frontend,Original,how to build a practical api contract testing strategy how to build a practical api contract testing strategy how to build a practical api contract testing strategy how to build a practical.,how to build a practical api contract testing strategy how to build a practical api contract testing strategy how to build a practical api contract testing strategy how to build a practical.,frontend,backend,0.991300827109335,-0.834006917290476,1.8253077443998111,16,190,32,frontend,1.8253077443998111,16,True,True,0.0,0
758,frontend,frontend,Minúsculas,how to build a practical api contract testing strategy how to build a practical api contract testing strategy how to build a practical api contract testing strategy how to build a practical.,how to build a practical api contract testing strategy how to build a practical api contract testing strategy how to build a practical api contract testing strategy how to build a practical.,frontend,backend,0.991300827109335,-0.834006917290476,1.8253077443998111,16,190,32,frontend,1.8253077443998111,16,True,True,0.0,0
758,frontend,frontend,Mayúsculas,how to build a practical api contract testing strategy how to build a practical api contract testing strategy how to build a practical api contract testing strategy how to build a practical.,HOW TO BUILD A PRACTICAL API CONTRACT TESTING STRATEGY HOW TO BUILD A PRACTICAL API CONTRACT TESTING STRATEGY HOW TO BUILD A PRACTICAL API CONTRACT TESTING STRATEGY HOW TO BUILD A PRACTICAL.,frontend,cloud,-0.4451063611691545,-0.7587329513838929,0.3136265902147384,0,190,32,frontend,1.8253077443998111,16,True,True,-1.5116811541850728,-16
758,frontend,frontend,Sin puntuación,how to build a practical api contract testing strategy how to build a practical api contract testing strategy how to build a practical api contract testing strategy how to build a practical.,how to build a practical api contract testing strategy how to build a practical api contract testing strategy how to build a practical api contract testing strategy how to build a practical,frontend,backend,0.991300827109335,-0.834006917290476,1.8253077443998111,16,189,32,frontend,1.8253077443998111,16,True,True,0.0,0
758,frontend,frontend,Espacios irregulares,how to build a practical api contract testing strategy how to build a practical api contract testing strategy how to build a practical api contract testing strategy how to build a practical.,how   to   build   a   practical   api   contract   testing   strategy   how   to   build   a   practical   api   contract   testing   strategy   how   to   build   a   practical   api   contract   testing   strategy   how   to   build   a   practical.,frontend,backend,0.991300827109335,-0.834006917290476,1.8253077443998111,16,252,32,frontend,1.8253077443998111,16,True,True,0.0,0
758,frontend,frontend,Errores tipográficos,how to build a practical api contract testing strategy how to build a practical api contract testing strategy how to build a practical api contract testing strategy how to build a practical.,how to build a practical api cotnract testing startegy how to build a practical api cotnract testing startegy how to build a practical api cotnract testing startegy how to build a practical.,frontend,backend,0.7105769902123763,-0.41684124835022396,1.1274182385626004,11,190,32,frontend,1.8253077443998111,16,True,True,-0.6978895058372108,-5
758,frontend,frontend,Texto truncado,how to build a practical api contract testing strategy how to build a practical api contract testing strategy how to build a practical api contract testing strategy how to build a practical.,how to build a practical api contract testing strategy how to build a practical api contract,frontend,backend,0.7551911233691794,-0.5311171274501627,1.2863082508193422,16,92,16,frontend,1.8253077443998111,16,True,True,-0.538999493580469,0
758,frontend,frontend,Ruido web,how to build a practical api contract testing strategy how to build a practical api contract testing strategy how to build a practical api contract testing strategy how to build a practical.,how to build a practical api contract testing strategy how to build a practical api contract testing strategy how to build a practical api contract testing strategy how to build a practical. https://example.com #tech 🚀,frontend,backend,0.9344891633727427,-0.6136647843461416,1.5481539477188844,18,218,35,frontend,1.8253077443998111,16,True,True,-0.27715379668092677,2
65,frontend,frontend,Original,day 110 of learning mern stack day 110 of learning mern stack hello dev community it is officially day 110 of my software engineering marathon today is day 2.,day 110 of learning mern stack day 110 of learning mern stack hello dev community it is officially day 110 of my software engineering marathon today is day 2.,frontend,backend,0.9432519118004722,-0.6289771611971565,1.5722290729976287,33,158,29,frontend,1.5722290729976287,33,True,True,0.0,0
65,frontend,frontend,Minúsculas,day 110 of learning mern stack day 110 of learning mern stack hello dev community it is officially day 110 of my software engineering marathon today is day 2.,day 110 of learning mern stack day 110 of learning mern stack hello dev community it is officially day 110 of my software engineering marathon today is day 2.,frontend,backend,0.9432519118004722,-0.6289771611971565,1.5722290729976287,33,158,29,frontend,1.5722290729976287,33,True,True,0.0,0
65,frontend,frontend,Mayúsculas,day 110 of learning mern stack day 110 of learning mern stack hello dev community it is officially day 110 of my software engineering marathon today is day 2.,DAY 110 OF LEARNING MERN STACK DAY 110 OF LEARNING MERN STACK HELLO DEV COMMUNITY IT IS OFFICIALLY DAY 110 OF MY SOFTWARE ENGINEERING MARATHON TODAY IS DAY 2.,cloud,datascience,-0.2515464748346694,-0.5960874794103324,0.34454100457566295,1,158,29,frontend,1.5722290729976287,33,False,False,-1.2276880684219658,-32
65,frontend,frontend,Sin puntuación,day 110 of learning mern stack day 110 of learning mern stack hello dev community it is officially day 110 of my software engineering marathon today is day 2.,day 110 of learning mern stack day 110 of learning mern stack hello dev community it is officially day 110 of my software engineering marathon today is day 2,frontend,backend,0.9432519118004722,-0.6289771611971565,1.5722290729976287,33,157,29,frontend,1.5722290729976287,33,True,True,0.0,0
65,frontend,frontend,Espacios irregulares,day 110 of learning mern stack day 110 of learning mern stack hello dev community it is officially day 110 of my software engineering marathon today is day 2.,day   110   of   learning   mern   stack   day   110   of   learning   mern   stack   hello   dev   community   it   is   officially   day   110   of   my   software   engineering   marathon   today   is   day   2.,frontend,backend,0.9432519118004722,-0.6289771611971565,1.5722290729976287,33,214,29,frontend,1.5722290729976287,33,True,True,0.0,0
65,frontend,frontend,Errores tipográficos,day 110 of learning mern stack day 110 of learning mern stack hello dev community it is officially day 110 of my software engineering marathon today is day 2.,day 110 of learning mern stack day 110 of leraning mern stack hello dev community it is ofifcially day 110 of my software enigneering marathon today is day 2.,frontend,backend,0.3807108716764377,-0.25775806636422227,0.63846893804066,27,158,29,frontend,1.5722290729976287,33,True,True,-0.9337601349569687,-6
65,frontend,frontend,Texto truncado,day 110 of learning mern stack day 110 of learning mern stack hello dev community it is officially day 110 of my software engineering marathon today is day 2.,day 110 of learning mern stack day 110 of learning mern stack hello dev,backend,frontend,0.8720081838300581,-0.25335798167847656,1.1253661655085345,13,71,14,frontend,1.5722290729976287,33,False,False,-0.4468629074890942,-20
65,frontend,frontend,Ruido web,day 110 of learning mern stack day 110 of learning mern stack hello dev community it is officially day 110 of my software engineering marathon today is day 2.,day 110 of learning mern stack day 110 of learning mern stack hello dev community it is officially day 110 of my software engineering marathon today is day 2. https://example.com #tech 🚀,frontend,backend,0.861472787546011,-0.35549964968238423,1.2169724372283952,35,186,32,frontend,1.5722290729976287,33,True,True,-0.3552566357692335,2
74,frontend,frontend,Original,7 technical seo issues i check before every website launch 7 technical seo issues i check before every website launch i ve worked on websites where everything looked perfect during development responsive design clean.,7 technical seo issues i check before every website launch 7 technical seo issues i check before every website launch i ve worked on websites where everything looked perfect during development responsive design clean.,frontend,backend,0.9684701167209188,-0.9334533046730261,1.9019234213939449,30,217,34,frontend,1.9019234213939449,30,True,True,0.0,0
74,frontend,frontend,Minúsculas,7 technical seo issues i check before every website launch 7 technical seo issues i check before every website launch i ve worked on websites where everything looked perfect during development responsive design clean.,7 technical seo issues i check before every website launch 7 technical seo issues i check before every website launch i ve worked on websites where everything looked perfect during development responsive design clean.,frontend,backend,0.9684701167209188,-0.9334533046730261,1.9019234213939449,30,217,34,frontend,1.9019234213939449,30,True,True,0.0,0
74,frontend,frontend,Mayúsculas,7 technical seo issues i check before every website launch 7 technical seo issues i check before every website launch i ve worked on websites where everything looked perfect during development responsive design clean.,7 TECHNICAL SEO ISSUES I CHECK BEFORE EVERY WEBSITE LAUNCH 7 TECHNICAL SEO ISSUES I CHECK BEFORE EVERY WEBSITE LAUNCH I VE WORKED ON WEBSITES WHERE EVERYTHING LOOKED PERFECT DURING DEVELOPMENT RESPONSIVE DESIGN CLEAN.,cloud,backend,-0.46391220759664525,-0.621741605307395,0.15782939771074972,1,217,34,frontend,1.9019234213939449,30,False,False,-1.7440940236831952,-29
74,frontend,frontend,Sin puntuación,7 technical seo issues i check before every website launch 7 technical seo issues i check before every website launch i ve worked on websites where everything looked perfect during development responsive design clean.,7 technical seo issues i check before every website launch 7 technical seo issues i check before every website launch i ve worked on websites where everything looked perfect during development responsive design clean,frontend,backend,0.9684701167209188,-0.9334533046730261,1.9019234213939449,30,216,34,frontend,1.9019234213939449,30,True,True,0.0,0
74,frontend,frontend,Espacios irregulares,7 technical seo issues i check before every website launch 7 technical seo issues i check before every website launch i ve worked on websites where everything looked perfect during development responsive design clean.,7   technical   seo   issues   i   check   before   every   website   launch   7   technical   seo   issues   i   check   before   every   website   launch   i   ve   worked   on   websites   where   everything   looked   perfect   during   development   responsive   design   clean.,frontend,backend,0.9684701167209188,-0.9334533046730261,1.9019234213939449,30,283,34,frontend,1.9019234213939449,30,True,True,0.0,0
74,frontend,frontend,Errores tipográficos,7 technical seo issues i check before every website launch 7 technical seo issues i check before every website launch i ve worked on websites where everything looked perfect during development responsive design clean.,7 technical seo isuses i check before every wesbite launch 7 tehcnical seo issues i check beofre every website lanuch i ve worked on wesbites where everything lokoed perfect duirng development repsonsive design claen.,frontend,backend,0.913523702948949,-0.8159132897720148,1.7294369927209639,24,217,34,frontend,1.9019234213939449,30,True,True,-0.17248642867298103,-6
74,frontend,frontend,Texto truncado,7 technical seo issues i check before every website launch 7 technical seo issues i check before every website launch i ve worked on websites where everything looked perfect during development responsive design clean.,7 technical seo issues i check before every website launch 7 technical seo issues i check before,frontend,cloud,0.8333120444860703,-1.0611372251540792,1.8944492696401496,13,96,17,frontend,1.9019234213939449,30,True,True,-0.007474151753795288,-17
74,frontend,frontend,Ruido web,7 technical seo issues i check before every website launch 7 technical seo issues i check before every website launch i ve worked on websites where everything looked perfect during development responsive design clean.,7 technical seo issues i check before every website launch 7 technical seo issues i check before every website launch i ve worked on websites where everything looked perfect during development responsive design clean. https://example.com #tech 🚀,frontend,backend,0.90909010593246,-0.7031596071604417,1.6122497130929017,32,245,37,frontend,1.9019234213939449,30,True,True,-0.2896737083010432,2
69,frontend,frontend,Original,stop guessing about performance: testing frontend performance in ci with lighthouse ci stop guessing about performance: testing frontend performance in ci with lighthouse ci performance isn t a feature you ship once it s a quality that degrades with every commit if you let.,stop guessing about performance: testing frontend performance in ci with lighthouse ci stop guessing about performance: testing frontend performance in ci with lighthouse ci performance isn t a feature you ship once it s a quality that degrades with every commit if you let.,frontend,backend,1.4563195732994805,-1.2515939620239633,2.707913535323444,37,274,44,frontend,2.707913535323444,37,True,True,0.0,0
69,frontend,frontend,Minúsculas,stop guessing about performance: testing frontend performance in ci with lighthouse ci stop guessing about performance: testing frontend performance in ci with lighthouse ci performance isn t a feature you ship once it s a quality that degrades with every commit if you let.,stop guessing about performance: testing frontend performance in ci with lighthouse ci stop guessing about performance: testing frontend performance in ci with lighthouse ci performance isn t a feature you ship once it s a quality that degrades with every commit if you let.,frontend,backend,1.4563195732994805,-1.2515939620239633,2.707913535323444,37,274,44,frontend,2.707913535323444,37,True,True,0.0,0
69,frontend,frontend,Mayúsculas,stop guessing about performance: testing frontend performance in ci with lighthouse ci stop guessing about performance: testing frontend performance in ci with lighthouse ci performance isn t a feature you ship once it s a quality that degrades with every commit if you let.,STOP GUESSING ABOUT PERFORMANCE: TESTING FRONTEND PERFORMANCE IN CI WITH LIGHTHOUSE CI STOP GUESSING ABOUT PERFORMANCE: TESTING FRONTEND PERFORMANCE IN CI WITH LIGHTHOUSE CI PERFORMANCE ISN T A FEATURE YOU SHIP ONCE IT S A QUALITY THAT DEGRADES WITH EVERY COMMIT IF YOU LET.,frontend,cloud,-0.4451063611691545,-0.7587329513838929,0.3136265902147384,0,274,44,frontend,2.707913535323444,37,True,True,-2.394286945108705,-37
69,frontend,frontend,Sin puntuación,stop guessing about performance: testing frontend performance in ci with lighthouse ci stop guessing about performance: testing frontend performance in ci with lighthouse ci performance isn t a feature you ship once it s a quality that degrades with every commit if you let.,stop guessing about performance testing frontend performance in ci with lighthouse ci stop guessing about performance testing frontend performance in ci with lighthouse ci performance isn t a feature you ship once it s a quality that degrades with every commit if you let,frontend,backend,1.4563195732994805,-1.2515939620239633,2.707913535323444,37,271,44,frontend,2.707913535323444,37,True,True,0.0,0
69,frontend,frontend,Espacios irregulares,stop guessing about performance: testing frontend performance in ci with lighthouse ci stop guessing about performance: testing frontend performance in ci with lighthouse ci performance isn t a feature you ship once it s a quality that degrades with every commit if you let.,stop   guessing   about   performance:   testing   frontend   performance   in   ci   with   lighthouse   ci   stop   guessing   about   performance:   testing   frontend   performance   in   ci   with   lighthouse   ci   performance   isn   t   a   feature   you   ship   once   it   s   a   quality   that   degrades   with   every   commit   if   you   let.,frontend,backend,1.4563195732994805,-1.2515939620239633,2.707913535323444,37,360,44,frontend,2.707913535323444,37,True,True,0.0,0
69,frontend,frontend,Errores tipográficos,stop guessing about performance: testing frontend performance in ci with lighthouse ci stop guessing about performance: testing frontend performance in ci with lighthouse ci performance isn t a feature you ship once it s a quality that degrades with every commit if you let.,stop guessing about pefrormance: testing frnotend performance in ci with lihgthouse ci stop guessing about pefrormance: testing frnotend performance in ci with lihgthouse ci performance isn t a fetaure you ship once it s a quality that dergades with every commit if you let.,frontend,backend,0.14374627437617982,-0.4402810895785693,0.5840273639547491,31,274,44,frontend,2.707913535323444,37,True,True,-2.123886171368695,-6
69,frontend,frontend,Texto truncado,stop guessing about performance: testing frontend performance in ci with lighthouse ci stop guessing about performance: testing frontend performance in ci with lighthouse ci performance isn t a feature you ship once it s a quality that degrades with every commit if you let.,stop guessing about performance: testing frontend performance in ci with lighthouse ci stop guessing about performance: testing frontend performance in ci with,frontend,backend,1.8906063511455096,-1.3918395822439127,3.2824459333894223,15,159,22,frontend,2.707913535323444,37,True,True,0.5745323980659784,-22
69,frontend,frontend,Ruido web,stop guessing about performance: testing frontend performance in ci with lighthouse ci stop guessing about performance: testing frontend performance in ci with lighthouse ci performance isn t a feature you ship once it s a quality that degrades with every commit if you let.,stop guessing about performance: testing frontend performance in ci with lighthouse ci stop guessing about performance: testing frontend performance in ci with lighthouse ci performance isn t a feature you ship once it s a quality that degrades with every commit if you let. https://example.com #tech 🚀,frontend,backend,1.3985711852768916,-1.0429577370076502,2.441528922284542,39,302,47,frontend,2.707913535323444,37,True,True,-0.2663846130389018,2
43,frontend,frontend,Original,react.js use hook rules and gotchas react.js use hook rules and gotchas use can be called conditionally unlike every other hook use works inside if for and after.,react.js use hook rules and gotchas react.js use hook rules and gotchas use can be called conditionally unlike every other hook use works inside if for and after.,frontend,cloud,0.22877690584116994,-0.9553161346232155,1.1840930404643855,18,162,28,frontend,1.1840930404643855,18,True,True,0.0,0
43,frontend,frontend,Minúsculas,react.js use hook rules and gotchas react.js use hook rules and gotchas use can be called conditionally unlike every other hook use works inside if for and after.,react.js use hook rules and gotchas react.js use hook rules and gotchas use can be called conditionally unlike every other hook use works inside if for and after.,frontend,cloud,0.22877690584116994,-0.9553161346232155,1.1840930404643855,18,162,28,frontend,1.1840930404643855,18,True,True,0.0,0
43,frontend,frontend,Mayúsculas,react.js use hook rules and gotchas react.js use hook rules and gotchas use can be called conditionally unlike every other hook use works inside if for and after.,REACT.JS USE HOOK RULES AND GOTCHAS REACT.JS USE HOOK RULES AND GOTCHAS USE CAN BE CALLED CONDITIONALLY UNLIKE EVERY OTHER HOOK USE WORKS INSIDE IF FOR AND AFTER.,frontend,cloud,-0.4451063611691545,-0.7587329513838929,0.3136265902147384,0,162,28,frontend,1.1840930404643855,18,True,True,-0.8704664502496471,-18
43,frontend,frontend,Sin puntuación,react.js use hook rules and gotchas react.js use hook rules and gotchas use can be called conditionally unlike every other hook use works inside if for and after.,react js use hook rules and gotchas react js use hook rules and gotchas use can be called conditionally unlike every other hook use works inside if for and after,frontend,cloud,1.4726930013283899,-1.2177789615767904,2.69047196290518,19,161,30,frontend,1.1840930404643855,18,True,True,1.5063789224407946,1
43,frontend,frontend,Espacios irregulares,react.js use hook rules and gotchas react.js use hook rules and gotchas use can be called conditionally unlike every other hook use works inside if for and after.,react.js   use   hook   rules   and   gotchas   react.js   use   hook   rules   and   gotchas   use   can   be   called   conditionally   unlike   every   other   hook   use   works   inside   if   for   and   after.,frontend,cloud,0.22877690584116994,-0.9553161346232155,1.1840930404643855,18,216,28,frontend,1.1840930404643855,18,True,True,0.0,0
43,frontend,frontend,Errores tipográficos,react.js use hook rules and gotchas react.js use hook rules and gotchas use can be called conditionally unlike every other hook use works inside if for and after.,react.js use hook rules and gocthas react.js use hook rules and gocthas use can be called codnitionally unlike every other hook use works inisde if for and after.,frontend,cloud,0.34091484542304984,-1.0838345381444294,1.4247493835674794,16,162,28,frontend,1.1840930404643855,18,True,True,0.24065634310309392,-2
43,frontend,frontend,Texto truncado,react.js use hook rules and gotchas react.js use hook rules and gotchas use can be called conditionally unlike every other hook use works inside if for and after.,react.js use hook rules and gotchas react.js use hook rules and gotchas use can,frontend,backend,0.4949342756341999,-0.9179229907836506,1.4128572664178505,8,79,14,frontend,1.1840930404643855,18,True,True,0.22876422595346502,-10
43,frontend,frontend,Ruido web,react.js use hook rules and gotchas react.js use hook rules and gotchas use can be called conditionally unlike every other hook use works inside if for and after.,react.js use hook rules and gotchas react.js use hook rules and gotchas use can be called conditionally unlike every other hook use works inside if for and after. https://example.com #tech 🚀,frontend,backend,0.1702005564174992,-0.6885838104017755,0.8587843668192747,20,190,31,frontend,1.1840930404643855,18,True,True,-0.32530867364511074,2
368,frontend,frontend,Original,kicking a dead horse at the speed of light doesn t make it run. kicking a dead horse at the speed of light doesn t make it run. let s be honest. the frontend community has a new silver bullet and it s called rust. every.,kicking a dead horse at the speed of light doesn t make it run. kicking a dead horse at the speed of light doesn t make it run. let s be honest. the frontend community has a new silver bullet and it s called rust. every.,frontend,backend,0.014073583221994979,-0.3566158870137275,0.37068947023572246,38,220,46,frontend,0.37068947023572246,38,True,True,0.0,0
368,frontend,frontend,Minúsculas,kicking a dead horse at the speed of light doesn t make it run. kicking a dead horse at the speed of light doesn t make it run. let s be honest. the frontend community has a new silver bullet and it s called rust. every.,kicking a dead horse at the speed of light doesn t make it run. kicking a dead horse at the speed of light doesn t make it run. let s be honest. the frontend community has a new silver bullet and it s called rust. every.,frontend,backend,0.014073583221994979,-0.3566158870137275,0.37068947023572246,38,220,46,frontend,0.37068947023572246,38,True,True,0.0,0
368,frontend,frontend,Mayúsculas,kicking a dead horse at the speed of light doesn t make it run. kicking a dead horse at the speed of light doesn t make it run. let s be honest. the frontend community has a new silver bullet and it s called rust. every.,KICKING A DEAD HORSE AT THE SPEED OF LIGHT DOESN T MAKE IT RUN. KICKING A DEAD HORSE AT THE SPEED OF LIGHT DOESN T MAKE IT RUN. LET S BE HONEST. THE FRONTEND COMMUNITY HAS A NEW SILVER BULLET AND IT S CALLED RUST. EVERY.,frontend,cloud,-0.4451063611691545,-0.7587329513838929,0.3136265902147384,0,220,46,frontend,0.37068947023572246,38,True,True,-0.057062880020984086,-38
368,frontend,frontend,Sin puntuación,kicking a dead horse at the speed of light doesn t make it run. kicking a dead horse at the speed of light doesn t make it run. let s be honest. the frontend community has a new silver bullet and it s called rust. every.,kicking a dead horse at the speed of light doesn t make it run kicking a dead horse at the speed of light doesn t make it run let s be honest the frontend community has a new silver bullet and it s called rust every,frontend,backend,0.014073583221994979,-0.3566158870137275,0.37068947023572246,38,215,46,frontend,0.37068947023572246,38,True,True,0.0,0
368,frontend,frontend,Espacios irregulares,kicking a dead horse at the speed of light doesn t make it run. kicking a dead horse at the speed of light doesn t make it run. let s be honest. the frontend community has a new silver bullet and it s called rust. every.,kicking   a   dead   horse   at   the   speed   of   light   doesn   t   make   it   run.   kicking   a   dead   horse   at   the   speed   of   light   doesn   t   make   it   run.   let   s   be   honest.   the   frontend   community   has   a   new   silver   bullet   and   it   s   called   rust.   every.,frontend,backend,0.014073583221994979,-0.3566158870137275,0.37068947023572246,38,310,46,frontend,0.37068947023572246,38,True,True,0.0,0
368,frontend,frontend,Errores tipográficos,kicking a dead horse at the speed of light doesn t make it run. kicking a dead horse at the speed of light doesn t make it run. let s be honest. the frontend community has a new silver bullet and it s called rust. every.,kicking a dead horse at the speed of light doesn t make it run. kikcing a dead horse at the speed of light doesn t make it run. let s be honest. the frnotend community has a new sivler bullet and it s called rust. every.,backend,frontend,0.1336963164476591,-0.7742968072553037,0.9079931237029628,35,220,46,frontend,0.37068947023572246,38,False,False,0.5373036534672404,-3
368,frontend,frontend,Texto truncado,kicking a dead horse at the speed of light doesn t make it run. kicking a dead horse at the speed of light doesn t make it run. let s be honest. the frontend community has a new silver bullet and it s called rust. every.,kicking a dead horse at the speed of light doesn t make it run. kicking a dead horse at the speed of light,backend,frontend,0.5410175710566237,-0.46869132047396167,1.0097088915305854,16,106,23,frontend,0.37068947023572246,38,False,False,0.639019421294863,-22
368,frontend,frontend,Ruido web,kicking a dead horse at the speed of light doesn t make it run. kicking a dead horse at the speed of light doesn t make it run. let s be honest. the frontend community has a new silver bullet and it s called rust. every.,kicking a dead horse at the speed of light doesn t make it run. kicking a dead horse at the speed of light doesn t make it run. let s be honest. the frontend community has a new silver bullet and it s called rust. every. https://example.com #tech 🚀,frontend,backend,-0.02141599329957178,-0.146967762562492,0.12555176926292022,40,248,49,frontend,0.37068947023572246,38,True,True,-0.24513770097280224,2
525,frontend,frontend,Original,operators in javascript operators in javascript operators javascript operators are symbols used to perform operations on values and. javascript javascript,operators in javascript operators in javascript operators javascript operators are symbols used to perform operations on values and. javascript javascript,frontend,backend,1.4731752099407718,-1.4313627734071002,2.904537983347872,16,154,20,frontend,2.904537983347872,16,True,True,0.0,0
525,frontend,frontend,Minúsculas,operators in javascript operators in javascript operators javascript operators are symbols used to perform operations on values and. javascript javascript,operators in javascript operators in javascript operators javascript operators are symbols used to perform operations on values and. javascript javascript,frontend,backend,1.4731752099407718,-1.4313627734071002,2.904537983347872,16,154,20,frontend,2.904537983347872,16,True,True,0.0,0
525,frontend,frontend,Mayúsculas,operators in javascript operators in javascript operators javascript operators are symbols used to perform operations on values and. javascript javascript,OPERATORS IN JAVASCRIPT OPERATORS IN JAVASCRIPT OPERATORS JAVASCRIPT OPERATORS ARE SYMBOLS USED TO PERFORM OPERATIONS ON VALUES AND. JAVASCRIPT JAVASCRIPT,frontend,cloud,-0.4451063611691545,-0.7587329513838929,0.3136265902147384,0,154,20,frontend,2.904537983347872,16,True,True,-2.5909113931331333,-16
525,frontend,frontend,Sin puntuación,operators in javascript operators in javascript operators javascript operators are symbols used to perform operations on values and. javascript javascript,operators in javascript operators in javascript operators javascript operators are symbols used to perform operations on values and javascript javascript,frontend,backend,1.4731752099407718,-1.4313627734071002,2.904537983347872,16,153,20,frontend,2.904537983347872,16,True,True,0.0,0
525,frontend,frontend,Espacios irregulares,operators in javascript operators in javascript operators javascript operators are symbols used to perform operations on values and. javascript javascript,operators   in   javascript   operators   in   javascript   operators   javascript   operators   are   symbols   used   to   perform   operations   on   values   and.   javascript   javascript,frontend,backend,1.4731752099407718,-1.4313627734071002,2.904537983347872,16,192,20,frontend,2.904537983347872,16,True,True,0.0,0
525,frontend,frontend,Errores tipográficos,operators in javascript operators in javascript operators javascript operators are symbols used to perform operations on values and. javascript javascript,operators in jaavscript operators in jaavscript operators jaavscript operators are sybmols used to perform opreations on values and. jaavscript javascript,frontend,backend,-0.21251162282203978,-0.9261150613316609,0.713603438509621,12,154,20,frontend,2.904537983347872,16,True,True,-2.190934544838251,-4
525,frontend,frontend,Texto truncado,operators in javascript operators in javascript operators javascript operators are symbols used to perform operations on values and. javascript javascript,operators in javascript operators in javascript operators javascript operators are,frontend,backend,1.6847123618864823,-1.1620339841495035,2.846746346035986,5,82,10,frontend,2.904537983347872,16,True,True,-0.05779163731188586,-11
525,frontend,frontend,Ruido web,operators in javascript operators in javascript operators javascript operators are symbols used to perform operations on values and. javascript javascript,operators in javascript operators in javascript operators javascript operators are symbols used to perform operations on values and. javascript javascript https://example.com #tech 🚀,frontend,backend,1.356366051044665,-1.0995137867297171,2.455879837774382,18,182,23,frontend,2.904537983347872,16,True,True,-0.44865814557349015,2
323,frontend,frontend,Original,computed-and-watch-macros computed-and-watch-macros computed and watch macros in euv project code: euv is a. watch macros watch macros,computed-and-watch-macros computed-and-watch-macros computed and watch macros in euv project code: euv is a. watch macros watch macros,frontend,datascience,0.7613650696894273,-1.0612064795473815,1.8225715492368089,16,134,17,frontend,1.8225715492368089,16,True,True,0.0,0
323,frontend,frontend,Minúsculas,computed-and-watch-macros computed-and-watch-macros computed and watch macros in euv project code: euv is a. watch macros watch macros,computed-and-watch-macros computed-and-watch-macros computed and watch macros in euv project code: euv is a. watch macros watch macros,frontend,datascience,0.7613650696894273,-1.0612064795473815,1.8225715492368089,16,134,17,frontend,1.8225715492368089,16,True,True,0.0,0
323,frontend,frontend,Mayúsculas,computed-and-watch-macros computed-and-watch-macros computed and watch macros in euv project code: euv is a. watch macros watch macros,COMPUTED-AND-WATCH-MACROS COMPUTED-AND-WATCH-MACROS COMPUTED AND WATCH MACROS IN EUV PROJECT CODE: EUV IS A. WATCH MACROS WATCH MACROS,frontend,cloud,-0.4451063611691545,-0.7587329513838929,0.3136265902147384,0,134,17,frontend,1.8225715492368089,16,True,True,-1.5089449590220705,-16
323,frontend,frontend,Sin puntuación,computed-and-watch-macros computed-and-watch-macros computed and watch macros in euv project code: euv is a. watch macros watch macros,computed and watch macros computed and watch macros computed and watch macros in euv project code euv is a watch macros watch macros,frontend,datascience,0.5926201793080556,-0.952509932111278,1.5451301114193337,16,132,23,frontend,1.8225715492368089,16,True,True,-0.2774414378174752,0
323,frontend,frontend,Espacios irregulares,computed-and-watch-macros computed-and-watch-macros computed and watch macros in euv project code: euv is a. watch macros watch macros,computed-and-watch-macros   computed-and-watch-macros   computed   and   watch   macros   in   euv   project   code:   euv   is   a.   watch   macros   watch   macros,frontend,datascience,0.7613650696894273,-1.0612064795473815,1.8225715492368089,16,166,17,frontend,1.8225715492368089,16,True,True,0.0,0
323,frontend,frontend,Errores tipográficos,computed-and-watch-macros computed-and-watch-macros computed and watch macros in euv project code: euv is a. watch macros watch macros,computed-and-watch-macros copmuted-and-watch-macros computed and watch marcos in euv project code: euv is a. watch marcos watch macros,frontend,datascience,0.9926531147444991,-1.1008560143131272,2.0935091290576264,15,134,17,frontend,1.8225715492368089,16,True,True,0.27093757982081756,-1
323,frontend,frontend,Texto truncado,computed-and-watch-macros computed-and-watch-macros computed and watch macros in euv project code: euv is a. watch macros watch macros,computed-and-watch-macros computed-and-watch-macros computed and watch macros in euv,frontend,datascience,0.17863774246695108,-0.8502863734905908,1.0289241159575417,7,84,8,frontend,1.8225715492368089,16,True,True,-0.7936474332792671,-9
323,frontend,frontend,Ruido web,computed-and-watch-macros computed-and-watch-macros computed and watch macros in euv project code: euv is a. watch macros watch macros,computed-and-watch-macros computed-and-watch-macros computed and watch macros in euv project code: euv is a. watch macros watch macros https://example.com #tech 🚀,frontend,backend,0.6671352302331929,-0.8430337400509572,1.51016897028415,18,162,20,frontend,1.8225715492368089,16,True,True,-0.31240257895265877,2
306,frontend,frontend,Original,tailwind css: لماذا أصبح أسلوبي المفضل tailwind css: لماذا أصبح أسلوبي المفضل لما بدأت أتعلم css كنت كتبت كل حاجة بالطريقة التقليدية: أسماء كلاسات معبرة ملفات css منفصلة وكل. css css,tailwind css: لماذا أصبح أسلوبي المفضل tailwind css: لماذا أصبح أسلوبي المفضل لما بدأت أتعلم css كنت كتبت كل حاجة بالطريقة التقليدية: أسماء كلاسات معبرة ملفات css منفصلة وكل. css css,frontend,cloud,3.580459391265681,-2.042400954615887,5.622860345881568,4,182,31,frontend,5.622860345881568,4,True,True,0.0,0
306,frontend,frontend,Minúsculas,tailwind css: لماذا أصبح أسلوبي المفضل tailwind css: لماذا أصبح أسلوبي المفضل لما بدأت أتعلم css كنت كتبت كل حاجة بالطريقة التقليدية: أسماء كلاسات معبرة ملفات css منفصلة وكل. css css,tailwind css: لماذا أصبح أسلوبي المفضل tailwind css: لماذا أصبح أسلوبي المفضل لما بدأت أتعلم css كنت كتبت كل حاجة بالطريقة التقليدية: أسماء كلاسات معبرة ملفات css منفصلة وكل. css css,frontend,cloud,3.580459391265681,-2.042400954615887,5.622860345881568,4,182,31,frontend,5.622860345881568,4,True,True,0.0,0
306,frontend,frontend,Mayúsculas,tailwind css: لماذا أصبح أسلوبي المفضل tailwind css: لماذا أصبح أسلوبي المفضل لما بدأت أتعلم css كنت كتبت كل حاجة بالطريقة التقليدية: أسماء كلاسات معبرة ملفات css منفصلة وكل. css css,TAILWIND CSS: لماذا أصبح أسلوبي المفضل TAILWIND CSS: لماذا أصبح أسلوبي المفضل لما بدأت أتعلم CSS كنت كتبت كل حاجة بالطريقة التقليدية: أسماء كلاسات معبرة ملفات CSS منفصلة وكل. CSS CSS,frontend,cloud,-0.4451063611691545,-0.7587329513838929,0.3136265902147384,0,182,31,frontend,5.622860345881568,4,True,True,-5.309233755666829,-4
306,frontend,frontend,Sin puntuación,tailwind css: لماذا أصبح أسلوبي المفضل tailwind css: لماذا أصبح أسلوبي المفضل لما بدأت أتعلم css كنت كتبت كل حاجة بالطريقة التقليدية: أسماء كلاسات معبرة ملفات css منفصلة وكل. css css,tailwind css لماذا أصبح أسلوبي المفضل tailwind css لماذا أصبح أسلوبي المفضل لما بدأت أتعلم css كنت كتبت كل حاجة بالطريقة التقليدية أسماء كلاسات معبرة ملفات css منفصلة وكل css css,frontend,cloud,3.580459391265681,-2.042400954615887,5.622860345881568,4,178,31,frontend,5.622860345881568,4,True,True,0.0,0
306,frontend,frontend,Espacios irregulares,tailwind css: لماذا أصبح أسلوبي المفضل tailwind css: لماذا أصبح أسلوبي المفضل لما بدأت أتعلم css كنت كتبت كل حاجة بالطريقة التقليدية: أسماء كلاسات معبرة ملفات css منفصلة وكل. css css,tailwind   css:   لماذا   أصبح   أسلوبي   المفضل   tailwind   css:   لماذا   أصبح   أسلوبي   المفضل   لما   بدأت   أتعلم   css   كنت   كتبت   كل   حاجة   بالطريقة   التقليدية:   أسماء   كلاسات   معبرة   ملفات   css   منفصلة   وكل.   css   css,frontend,cloud,3.580459391265681,-2.042400954615887,5.622860345881568,4,242,31,frontend,5.622860345881568,4,True,True,0.0,0
306,frontend,frontend,Errores tipográficos,tailwind css: لماذا أصبح أسلوبي المفضل tailwind css: لماذا أصبح أسلوبي المفضل لما بدأت أتعلم css كنت كتبت كل حاجة بالطريقة التقليدية: أسماء كلاسات معبرة ملفات css منفصلة وكل. css css,tailwind css: لماذا أصبح أسولبي المفضل taliwind css: لماذا أصبح أسلوبي الفمضل لما بدأت أتعلم css كنت كتبت كل حاجة بالطريقة القتليدية: أسماء كلاسات معبرة ملفات css منصفلة وكل. css css,frontend,cloud,4.091403729345317,-2.183515494046697,6.274919223392015,4,182,31,frontend,5.622860345881568,4,True,True,0.6520588775104468,0
306,frontend,frontend,Texto truncado,tailwind css: لماذا أصبح أسلوبي المفضل tailwind css: لماذا أصبح أسلوبي المفضل لما بدأت أتعلم css كنت كتبت كل حاجة بالطريقة التقليدية: أسماء كلاسات معبرة ملفات css منفصلة وكل. css css,tailwind css: لماذا أصبح أسلوبي المفضل tailwind css: لماذا أصبح أسلوبي المفضل لما بدأت أتعلم,frontend,cloud,2.868983014098153,-1.83770471815749,4.706687732255643,3,92,15,frontend,5.622860345881568,4,True,True,-0.9161726136259247,-1
306,frontend,frontend,Ruido web,tailwind css: لماذا أصبح أسلوبي المفضل tailwind css: لماذا أصبح أسلوبي المفضل لما بدأت أتعلم css كنت كتبت كل حاجة بالطريقة التقليدية: أسماء كلاسات معبرة ملفات css منفصلة وكل. css css,tailwind css: لماذا أصبح أسلوبي المفضل tailwind css: لماذا أصبح أسلوبي المفضل لما بدأت أتعلم css كنت كتبت كل حاجة بالطريقة التقليدية: أسماء كلاسات معبرة ملفات css منفصلة وكل. css css https://example.com #tech 🚀,frontend,cloud,3.175153694011063,-2.0520983123633965,5.22725200637446,6,210,34,frontend,5.622860345881568,4,True,True,-0.39560833950710794,2
766,frontend,frontend,Original,building a low-latency data-stack renderer for real-time analytics at scale building a low-latency data-stack renderer for real-time analytics at scale building a low-latency data-stack renderer for real-time analytics at scale,building a low-latency data-stack renderer for real-time analytics at scale building a low-latency data-stack renderer for real-time analytics at scale building a low-latency data-stack renderer for real-time analytics at scale,frontend,backend,0.4732715659239105,-0.521533313645391,0.9948048795693015,13,227,30,frontend,0.9948048795693015,13,True,True,0.0,0
766,frontend,frontend,Minúsculas,building a low-latency data-stack renderer for real-time analytics at scale building a low-latency data-stack renderer for real-time analytics at scale building a low-latency data-stack renderer for real-time analytics at scale,building a low-latency data-stack renderer for real-time analytics at scale building a low-latency data-stack renderer for real-time analytics at scale building a low-latency data-stack renderer for real-time analytics at scale,frontend,backend,0.4732715659239105,-0.521533313645391,0.9948048795693015,13,227,30,frontend,0.9948048795693015,13,True,True,0.0,0
766,frontend,frontend,Mayúsculas,building a low-latency data-stack renderer for real-time analytics at scale building a low-latency data-stack renderer for real-time analytics at scale building a low-latency data-stack renderer for real-time analytics at scale,BUILDING A LOW-LATENCY DATA-STACK RENDERER FOR REAL-TIME ANALYTICS AT SCALE BUILDING A LOW-LATENCY DATA-STACK RENDERER FOR REAL-TIME ANALYTICS AT SCALE BUILDING A LOW-LATENCY DATA-STACK RENDERER FOR REAL-TIME ANALYTICS AT SCALE,frontend,cloud,-0.4451063611691545,-0.7587329513838929,0.3136265902147384,0,227,30,frontend,0.9948048795693015,13,True,True,-0.6811782893545631,-13
766,frontend,frontend,Sin puntuación,building a low-latency data-stack renderer for real-time analytics at scale building a low-latency data-stack renderer for real-time analytics at scale building a low-latency data-stack renderer for real-time analytics at scale,building a low latency data stack renderer for real time analytics at scale building a low latency data stack renderer for real time analytics at scale building a low latency data stack renderer for real time analytics at scale,datascience,backend,-0.055773436594679704,-0.6721925257442641,0.6164190891495844,15,227,39,frontend,0.9948048795693015,13,False,False,-0.3783857904197171,2
766,frontend,frontend,Espacios irregulares,building a low-latency data-stack renderer for real-time analytics at scale building a low-latency data-stack renderer for real-time analytics at scale building a low-latency data-stack renderer for real-time analytics at scale,building   a   low-latency   data-stack   renderer   for   real-time   analytics   at   scale   building   a   low-latency   data-stack   renderer   for   real-time   analytics   at   scale   building   a   low-latency   data-stack   renderer   for   real-time   analytics   at   scale,frontend,backend,0.4732715659239105,-0.521533313645391,0.9948048795693015,13,285,30,frontend,0.9948048795693015,13,True,True,0.0,0
766,frontend,frontend,Errores tipográficos,building a low-latency data-stack renderer for real-time analytics at scale building a low-latency data-stack renderer for real-time analytics at scale building a low-latency data-stack renderer for real-time analytics at scale,building a lo-wlatency data-stack rednerer for real-time anlaytics at scale building a lo-wlatency data-stack rednerer for real-time anlaytics at scale building a lo-wlatency data-stack rednerer for real-time anlaytics at scale,frontend,backend,0.5096453543529905,-0.24123769308229437,0.7508830474352849,9,227,30,frontend,0.9948048795693015,13,True,True,-0.24392183213401664,-4
766,frontend,frontend,Texto truncado,building a low-latency data-stack renderer for real-time analytics at scale building a low-latency data-stack renderer for real-time analytics at scale building a low-latency data-stack renderer for real-time analytics at scale,building a low-latency data-stack renderer for real-time analytics at scale building a low-latency data-stack renderer,frontend,backend,0.7526894403977488,-0.6793489041749663,1.4320383445727152,13,118,15,frontend,0.9948048795693015,13,True,True,0.43723346500341365,0
766,frontend,frontend,Ruido web,building a low-latency data-stack renderer for real-time analytics at scale building a low-latency data-stack renderer for real-time analytics at scale building a low-latency data-stack renderer for real-time analytics at scale,building a low-latency data-stack renderer for real-time analytics at scale building a low-latency data-stack renderer for real-time analytics at scale building a low-latency data-stack renderer for real-time analytics at scale https://example.com #tech 🚀,frontend,backend,0.41990694282418917,-0.28433384079466595,0.7042407836188551,15,255,33,frontend,0.9948048795693015,13,True,True,-0.2905640959504464,2
116,frontend,frontend,Original,build medium-style trending pages hot new top for any tag build medium-style trending pages hot new top for any tag build medium-style trending pages hot new top for any tag readers trust best of. build medium-style trending pages build medium-style trending pages,build medium-style trending pages hot new top for any tag build medium-style trending pages hot new top for any tag build medium-style trending pages hot new top for any tag readers trust best of. build medium-style trending pages build medium-style trending pages,frontend,datascience,0.4985774731371838,-0.8530702395565766,1.3516477126937603,11,264,42,frontend,1.3516477126937603,11,True,True,0.0,0
116,frontend,frontend,Minúsculas,build medium-style trending pages hot new top for any tag build medium-style trending pages hot new top for any tag build medium-style trending pages hot new top for any tag readers trust best of. build medium-style trending pages build medium-style trending pages,build medium-style trending pages hot new top for any tag build medium-style trending pages hot new top for any tag build medium-style trending pages hot new top for any tag readers trust best of. build medium-style trending pages build medium-style trending pages,frontend,datascience,0.4985774731371838,-0.8530702395565766,1.3516477126937603,11,264,42,frontend,1.3516477126937603,11,True,True,0.0,0
116,frontend,frontend,Mayúsculas,build medium-style trending pages hot new top for any tag build medium-style trending pages hot new top for any tag build medium-style trending pages hot new top for any tag readers trust best of. build medium-style trending pages build medium-style trending pages,BUILD MEDIUM-STYLE TRENDING PAGES HOT NEW TOP FOR ANY TAG BUILD MEDIUM-STYLE TRENDING PAGES HOT NEW TOP FOR ANY TAG BUILD MEDIUM-STYLE TRENDING PAGES HOT NEW TOP FOR ANY TAG READERS TRUST BEST OF. BUILD MEDIUM-STYLE TRENDING PAGES BUILD MEDIUM-STYLE TRENDING PAGES,frontend,cloud,-0.4451063611691545,-0.7587329513838929,0.3136265902147384,0,264,42,frontend,1.3516477126937603,11,True,True,-1.038021122479022,-11
116,frontend,frontend,Sin puntuación,build medium-style trending pages hot new top for any tag build medium-style trending pages hot new top for any tag build medium-style trending pages hot new top for any tag readers trust best of. build medium-style trending pages build medium-style trending pages,build medium style trending pages hot new top for any tag build medium style trending pages hot new top for any tag build medium style trending pages hot new top for any tag readers trust best of build medium style trending pages build medium style trending pages,frontend,datascience,0.41084308595318453,-0.9409635657416827,1.3518066516948672,13,263,47,frontend,1.3516477126937603,11,True,True,0.00015893900110697246,2
116,frontend,frontend,Espacios irregulares,build medium-style trending pages hot new top for any tag build medium-style trending pages hot new top for any tag build medium-style trending pages hot new top for any tag readers trust best of. build medium-style trending pages build medium-style trending pages,build   medium-style   trending   pages   hot   new   top   for   any   tag   build   medium-style   trending   pages   hot   new   top   for   any   tag   build   medium-style   trending   pages   hot   new   top   for   any   tag   readers   trust   best   of.   build   medium-style   trending   pages   build   medium-style   trending   pages,frontend,datascience,0.4985774731371838,-0.8530702395565766,1.3516477126937603,11,346,42,frontend,1.3516477126937603,11,True,True,0.0,0
116,frontend,frontend,Errores tipográficos,build medium-style trending pages hot new top for any tag build medium-style trending pages hot new top for any tag build medium-style trending pages hot new top for any tag readers trust best of. build medium-style trending pages build medium-style trending pages,build medium-style trneding pages hot new top for any tag build medium-style trneding pages hot new top for any tag build medium-style trneding pages hot new top for any tag readers trust best of. build meidum-style trending pages build meidum-style trending pages,frontend,datascience,0.4985774731371838,-0.8530702395565766,1.3516477126937603,11,264,42,frontend,1.3516477126937603,11,True,True,0.0,0
116,frontend,frontend,Texto truncado,build medium-style trending pages hot new top for any tag build medium-style trending pages hot new top for any tag build medium-style trending pages hot new top for any tag readers trust best of. build medium-style trending pages build medium-style trending pages,build medium-style trending pages hot new top for any tag build medium-style trending pages hot new top for any tag build,frontend,datascience,0.5224880662872767,-0.9386350659773322,1.4611231322646088,8,121,21,frontend,1.3516477126937603,11,True,True,0.1094754195708485,-3
116,frontend,frontend,Ruido web,build medium-style trending pages hot new top for any tag build medium-style trending pages hot new top for any tag build medium-style trending pages hot new top for any tag readers trust best of. build medium-style trending pages build medium-style trending pages,build medium-style trending pages hot new top for any tag build medium-style trending pages hot new top for any tag build medium-style trending pages hot new top for any tag readers trust best of. build medium-style trending pages build medium-style trending pages https://example.com #tech 🚀,frontend,datascience,0.43568968637950556,-0.9564915436864782,1.3921812300659837,13,292,45,frontend,1.3516477126937603,11,True,True,0.04053351737222344,2
694,frontend,frontend,Original,how to build a practical test strategy for microservices with contract testing how to build a practical test strategy for microservices with contract testing how to build a practical test strategy for microservices with contract testing,how to build a practical test strategy for microservices with contract testing how to build a practical test strategy for microservices with contract testing how to build a practical test strategy for microservices with contract testing,frontend,backend,0.5451383616060481,-0.6179319561631329,1.163070317769181,21,236,36,frontend,1.163070317769181,21,True,True,0.0,0
694,frontend,frontend,Minúsculas,how to build a practical test strategy for microservices with contract testing how to build a practical test strategy for microservices with contract testing how to build a practical test strategy for microservices with contract testing,how to build a practical test strategy for microservices with contract testing how to build a practical test strategy for microservices with contract testing how to build a practical test strategy for microservices with contract testing,frontend,backend,0.5451383616060481,-0.6179319561631329,1.163070317769181,21,236,36,frontend,1.163070317769181,21,True,True,0.0,0
694,frontend,frontend,Mayúsculas,how to build a practical test strategy for microservices with contract testing how to build a practical test strategy for microservices with contract testing how to build a practical test strategy for microservices with contract testing,HOW TO BUILD A PRACTICAL TEST STRATEGY FOR MICROSERVICES WITH CONTRACT TESTING HOW TO BUILD A PRACTICAL TEST STRATEGY FOR MICROSERVICES WITH CONTRACT TESTING HOW TO BUILD A PRACTICAL TEST STRATEGY FOR MICROSERVICES WITH CONTRACT TESTING,frontend,cloud,-0.4451063611691545,-0.7587329513838929,0.3136265902147384,0,236,36,frontend,1.163070317769181,21,True,True,-0.8494437275544426,-21
694,frontend,frontend,Sin puntuación,how to build a practical test strategy for microservices with contract testing how to build a practical test strategy for microservices with contract testing how to build a practical test strategy for microservices with contract testing,how to build a practical test strategy for microservices with contract testing how to build a practical test strategy for microservices with contract testing how to build a practical test strategy for microservices with contract testing,frontend,backend,0.5451383616060481,-0.6179319561631329,1.163070317769181,21,236,36,frontend,1.163070317769181,21,True,True,0.0,0
694,frontend,frontend,Espacios irregulares,how to build a practical test strategy for microservices with contract testing how to build a practical test strategy for microservices with contract testing how to build a practical test strategy for microservices with contract testing,how   to   build   a   practical   test   strategy   for   microservices   with   contract   testing   how   to   build   a   practical   test   strategy   for   microservices   with   contract   testing   how   to   build   a   practical   test   strategy   for   microservices   with   contract   testing,frontend,backend,0.5451383616060481,-0.6179319561631329,1.163070317769181,21,306,36,frontend,1.163070317769181,21,True,True,0.0,0
694,frontend,frontend,Errores tipográficos,how to build a practical test strategy for microservices with contract testing how to build a practical test strategy for microservices with contract testing how to build a practical test strategy for microservices with contract testing,how to build a practical test startegy for microservices with cotnract testing how to build a prcatical test strategy for mircoservices with contract tetsing how to build a practical test startegy for microservices with cotnract testing,frontend,backend,0.48084860161766774,-0.4813450647288336,0.9621936663465014,20,236,36,frontend,1.163070317769181,21,True,True,-0.20087665142267963,-1
694,frontend,frontend,Texto truncado,how to build a practical test strategy for microservices with contract testing how to build a practical test strategy for microservices with contract testing how to build a practical test strategy for microservices with contract testing,how to build a practical test strategy for microservices with contract testing how to build a practical test,frontend,backend,0.6285842333901023,-0.6823074732051805,1.3108917065952828,21,108,18,frontend,1.163070317769181,21,True,True,0.14782138882610174,0
694,frontend,frontend,Ruido web,how to build a practical test strategy for microservices with contract testing how to build a practical test strategy for microservices with contract testing how to build a practical test strategy for microservices with contract testing,how to build a practical test strategy for microservices with contract testing how to build a practical test strategy for microservices with contract testing how to build a practical test strategy for microservices with contract testing https://example.com #tech 🚀,frontend,backend,0.5059543851432267,-0.4276214749339802,0.9335758600772068,23,264,39,frontend,1.163070317769181,21,True,True,-0.22949445769197419,2
334,frontend,frontend,Original,how i built a zero-dependency multi-level typing test in native javascript how i built a zero-dependency multi-level typing test in native javascript a breakdown of building a lightweight responsive wpm and accuracy testing engine with instant feedback. wpm wpm,how i built a zero-dependency multi-level typing test in native javascript how i built a zero-dependency multi-level typing test in native javascript a breakdown of building a lightweight responsive wpm and accuracy testing engine with instant feedback. wpm wpm,frontend,datascience,1.5023615349126724,-0.8631199555137727,2.365481490426445,32,261,39,frontend,2.365481490426445,32,True,True,0.0,0
334,frontend,frontend,Minúsculas,how i built a zero-dependency multi-level typing test in native javascript how i built a zero-dependency multi-level typing test in native javascript a breakdown of building a lightweight responsive wpm and accuracy testing engine with instant feedback. wpm wpm,how i built a zero-dependency multi-level typing test in native javascript how i built a zero-dependency multi-level typing test in native javascript a breakdown of building a lightweight responsive wpm and accuracy testing engine with instant feedback. wpm wpm,frontend,datascience,1.5023615349126724,-0.8631199555137727,2.365481490426445,32,261,39,frontend,2.365481490426445,32,True,True,0.0,0
334,frontend,frontend,Mayúsculas,how i built a zero-dependency multi-level typing test in native javascript how i built a zero-dependency multi-level typing test in native javascript a breakdown of building a lightweight responsive wpm and accuracy testing engine with instant feedback. wpm wpm,HOW I BUILT A ZERO-DEPENDENCY MULTI-LEVEL TYPING TEST IN NATIVE JAVASCRIPT HOW I BUILT A ZERO-DEPENDENCY MULTI-LEVEL TYPING TEST IN NATIVE JAVASCRIPT A BREAKDOWN OF BUILDING A LIGHTWEIGHT RESPONSIVE WPM AND ACCURACY TESTING ENGINE WITH INSTANT FEEDBACK. WPM WPM,frontend,cloud,-0.4451063611691545,-0.7587329513838929,0.3136265902147384,0,261,39,frontend,2.365481490426445,32,True,True,-2.0518549002117066,-32
334,frontend,frontend,Sin puntuación,how i built a zero-dependency multi-level typing test in native javascript how i built a zero-dependency multi-level typing test in native javascript a breakdown of building a lightweight responsive wpm and accuracy testing engine with instant feedback. wpm wpm,how i built a zero dependency multi level typing test in native javascript how i built a zero dependency multi level typing test in native javascript a breakdown of building a lightweight responsive wpm and accuracy testing engine with instant feedback wpm wpm,frontend,datascience,1.0586715464620897,-0.855223239852616,1.9138947863147058,35,260,43,frontend,2.365481490426445,32,True,True,-0.4515867041117394,3
334,frontend,frontend,Espacios irregulares,how i built a zero-dependency multi-level typing test in native javascript how i built a zero-dependency multi-level typing test in native javascript a breakdown of building a lightweight responsive wpm and accuracy testing engine with instant feedback. wpm wpm,how   i   built   a   zero-dependency   multi-level   typing   test   in   native   javascript   how   i   built   a   zero-dependency   multi-level   typing   test   in   native   javascript   a   breakdown   of   building   a   lightweight   responsive   wpm   and   accuracy   testing   engine   with   instant   feedback.   wpm   wpm,frontend,datascience,1.5023615349126724,-0.8631199555137727,2.365481490426445,32,337,39,frontend,2.365481490426445,32,True,True,0.0,0
334,frontend,frontend,Errores tipográficos,how i built a zero-dependency multi-level typing test in native javascript how i built a zero-dependency multi-level typing test in native javascript a breakdown of building a lightweight responsive wpm and accuracy testing engine with instant feedback. wpm wpm,how i built a zero-dependency mutli-level typing test in naitve javascript how i built a zeor-dependency multi-level tyipng test in native jaavscript a breakdown of buliding a lightweight repsonsive wpm and accuracy tetsing engine with intsant feedback. wpm wpm,frontend,datascience,0.5845607539069874,-0.5399349370063478,1.124495690913335,25,261,39,frontend,2.365481490426445,32,True,True,-1.2409857995131102,-7
334,frontend,frontend,Texto truncado,how i built a zero-dependency multi-level typing test in native javascript how i built a zero-dependency multi-level typing test in native javascript a breakdown of building a lightweight responsive wpm and accuracy testing engine with instant feedback. wpm wpm,how i built a zero-dependency multi-level typing test in native javascript how i built a zero-dependency multi-level typing test,frontend,datascience,0.4329940980476392,-0.6896534901339002,1.1226475881815394,15,128,19,frontend,2.365481490426445,32,True,True,-1.2428339022449058,-17
334,frontend,frontend,Ruido web,how i built a zero-dependency multi-level typing test in native javascript how i built a zero-dependency multi-level typing test in native javascript a breakdown of building a lightweight responsive wpm and accuracy testing engine with instant feedback. wpm wpm,how i built a zero-dependency multi-level typing test in native javascript how i built a zero-dependency multi-level typing test in native javascript a breakdown of building a lightweight responsive wpm and accuracy testing engine with instant feedback. wpm wpm https://example.com #tech 🚀,frontend,datascience,1.4326512700330638,-0.9481282190214044,2.3807794890544685,34,289,42,frontend,2.365481490426445,32,True,True,0.01529799862802328,2
523,frontend,frontend,Original,the five problems hiding inside every admin table and what to do about them the five problems hiding inside every admin table and what to do about them an admin table looks like one component. by the time you ve shipped five it s a system,the five problems hiding inside every admin table and what to do about them the five problems hiding inside every admin table and what to do about them an admin table looks like one component. by the time you ve shipped five it s a system,frontend,backend,0.21319252072705142,-0.41561310173668314,0.6288056224637346,47,238,46,frontend,0.6288056224637346,47,True,True,0.0,0
523,frontend,frontend,Minúsculas,the five problems hiding inside every admin table and what to do about them the five problems hiding inside every admin table and what to do about them an admin table looks like one component. by the time you ve shipped five it s a system,the five problems hiding inside every admin table and what to do about them the five problems hiding inside every admin table and what to do about them an admin table looks like one component. by the time you ve shipped five it s a system,frontend,backend,0.21319252072705142,-0.41561310173668314,0.6288056224637346,47,238,46,frontend,0.6288056224637346,47,True,True,0.0,0
523,frontend,frontend,Mayúsculas,the five problems hiding inside every admin table and what to do about them the five problems hiding inside every admin table and what to do about them an admin table looks like one component. by the time you ve shipped five it s a system,THE FIVE PROBLEMS HIDING INSIDE EVERY ADMIN TABLE AND WHAT TO DO ABOUT THEM THE FIVE PROBLEMS HIDING INSIDE EVERY ADMIN TABLE AND WHAT TO DO ABOUT THEM AN ADMIN TABLE LOOKS LIKE ONE COMPONENT. BY THE TIME YOU VE SHIPPED FIVE IT S A SYSTEM,frontend,cloud,-0.4451063611691545,-0.7587329513838929,0.3136265902147384,0,238,46,frontend,0.6288056224637346,47,True,True,-0.31517903224899624,-47
523,frontend,frontend,Sin puntuación,the five problems hiding inside every admin table and what to do about them the five problems hiding inside every admin table and what to do about them an admin table looks like one component. by the time you ve shipped five it s a system,the five problems hiding inside every admin table and what to do about them the five problems hiding inside every admin table and what to do about them an admin table looks like one component by the time you ve shipped five it s a system,frontend,backend,0.21319252072705142,-0.41561310173668314,0.6288056224637346,47,237,46,frontend,0.6288056224637346,47,True,True,0.0,0
523,frontend,frontend,Espacios irregulares,the five problems hiding inside every admin table and what to do about them the five problems hiding inside every admin table and what to do about them an admin table looks like one component. by the time you ve shipped five it s a system,the   five   problems   hiding   inside   every   admin   table   and   what   to   do   about   them   the   five   problems   hiding   inside   every   admin   table   and   what   to   do   about   them   an   admin   table   looks   like   one   component.   by   the   time   you   ve   shipped   five   it   s   a   system,frontend,backend,0.21319252072705142,-0.41561310173668314,0.6288056224637346,47,328,46,frontend,0.6288056224637346,47,True,True,0.0,0
523,frontend,frontend,Errores tipográficos,the five problems hiding inside every admin table and what to do about them the five problems hiding inside every admin table and what to do about them an admin table looks like one component. by the time you ve shipped five it s a system,the five problems hiidng inside every admin table and what to do about them the five prbolems hiding inisde every admin table and what to do about them an admin table looks like one component. by the time you ve shpiped five it s a system,frontend,backend,0.05462748400213863,-0.24938365388411,0.3040111378862486,44,238,46,frontend,0.6288056224637346,47,True,True,-0.324794484577486,-3
523,frontend,frontend,Texto truncado,the five problems hiding inside every admin table and what to do about them the five problems hiding inside every admin table and what to do about them an admin table looks like one component. by the time you ve shipped five it s a system,the five problems hiding inside every admin table and what to do about them the five problems hiding inside every admin table and,frontend,backend,0.08637797192943142,-0.5996106093633914,0.6859885812928228,24,129,23,frontend,0.6288056224637346,47,True,True,0.05718295882908819,-23
523,frontend,frontend,Ruido web,the five problems hiding inside every admin table and what to do about them the five problems hiding inside every admin table and what to do about them an admin table looks like one component. by the time you ve shipped five it s a system,the five problems hiding inside every admin table and what to do about them the five problems hiding inside every admin table and what to do about them an admin table looks like one component. by the time you ve shipped five it s a system https://example.com #tech 🚀,frontend,backend,0.18344135048692312,-0.2445971773470491,0.4280385278339722,49,266,49,frontend,0.6288056224637346,47,True,True,-0.2007670946297624,2
331,frontend,frontend,Original,automating youtube content creation with artificial intelligence automating youtube content creation with artificial intelligence automating youtube content creation with artificial intelligence the landscape of online.,automating youtube content creation with artificial intelligence automating youtube content creation with artificial intelligence automating youtube content creation with artificial intelligence the landscape of online.,frontend,datascience,0.3159093730135639,-0.7499778659876389,1.0658872390012029,14,219,25,frontend,1.0658872390012029,14,True,True,0.0,0
331,frontend,frontend,Minúsculas,automating youtube content creation with artificial intelligence automating youtube content creation with artificial intelligence automating youtube content creation with artificial intelligence the landscape of online.,automating youtube content creation with artificial intelligence automating youtube content creation with artificial intelligence automating youtube content creation with artificial intelligence the landscape of online.,frontend,datascience,0.3159093730135639,-0.7499778659876389,1.0658872390012029,14,219,25,frontend,1.0658872390012029,14,True,True,0.0,0
331,frontend,frontend,Mayúsculas,automating youtube content creation with artificial intelligence automating youtube content creation with artificial intelligence automating youtube content creation with artificial intelligence the landscape of online.,AUTOMATING YOUTUBE CONTENT CREATION WITH ARTIFICIAL INTELLIGENCE AUTOMATING YOUTUBE CONTENT CREATION WITH ARTIFICIAL INTELLIGENCE AUTOMATING YOUTUBE CONTENT CREATION WITH ARTIFICIAL INTELLIGENCE THE LANDSCAPE OF ONLINE.,frontend,cloud,-0.4451063611691545,-0.7587329513838929,0.3136265902147384,0,219,25,frontend,1.0658872390012029,14,True,True,-0.7522606487864645,-14
331,frontend,frontend,Sin puntuación,automating youtube content creation with artificial intelligence automating youtube content creation with artificial intelligence automating youtube content creation with artificial intelligence the landscape of online.,automating youtube content creation with artificial intelligence automating youtube content creation with artificial intelligence automating youtube content creation with artificial intelligence the landscape of online,frontend,datascience,0.3159093730135639,-0.7499778659876389,1.0658872390012029,14,218,25,frontend,1.0658872390012029,14,True,True,0.0,0
331,frontend,frontend,Espacios irregulares,automating youtube content creation with artificial intelligence automating youtube content creation with artificial intelligence automating youtube content creation with artificial intelligence the landscape of online.,automating   youtube   content   creation   with   artificial   intelligence   automating   youtube   content   creation   with   artificial   intelligence   automating   youtube   content   creation   with   artificial   intelligence   the   landscape   of   online.,frontend,datascience,0.3159093730135639,-0.7499778659876389,1.0658872390012029,14,267,25,frontend,1.0658872390012029,14,True,True,0.0,0
331,frontend,frontend,Errores tipográficos,automating youtube content creation with artificial intelligence automating youtube content creation with artificial intelligence automating youtube content creation with artificial intelligence the landscape of online.,automating yotuube content craetion with artificial inetlligence automating yotuube content craetion with artificial inetlligence automating yotuube content craetion with artificial inetlligence the landscape of onilne.,frontend,backend,0.47281784143752315,-1.010897924715143,1.4837157661526663,9,219,25,frontend,1.0658872390012029,14,True,True,0.41782852715146346,-5
331,frontend,frontend,Texto truncado,automating youtube content creation with artificial intelligence automating youtube content creation with artificial intelligence automating youtube content creation with artificial intelligence the landscape of online.,automating youtube content creation with artificial intelligence automating youtube content creation with,frontend,datascience,0.08737070732877628,-0.7851953122891521,0.8725660196179283,8,105,12,frontend,1.0658872390012029,14,True,True,-0.1933212193832745,-6
331,frontend,frontend,Ruido web,automating youtube content creation with artificial intelligence automating youtube content creation with artificial intelligence automating youtube content creation with artificial intelligence the landscape of online.,automating youtube content creation with artificial intelligence automating youtube content creation with artificial intelligence automating youtube content creation with artificial intelligence the landscape of online. https://example.com #tech 🚀,frontend,datascience,0.2620734291365393,-0.8528143889398864,1.1148878180764257,16,247,28,frontend,1.0658872390012029,14,True,True,0.049000579075222817,2
